CRIM,ZN,INDUS,CHAS,NOX,RM,AGE,DIS,RAD,TAX,PTRATIO,B,LSTAT,MEDV
-0.6694080644300274,0.9201668278739202,-1.2893929816675263,0,-0.14466849228951745,0.47781551094955443,-0.12096770934003764,0.14972982630384488,-0.9809390651963151,-0.6652576488810871,-1.478934358057349,0.786197939705147,-1.0881702966246265,24.0
-0.6630618872124328,-0.5787073303014293,-0.5941877254844252,0,-0.7412872417164947,0.2327914106466529,0.36660242488207645,0.5745236621877537,-0.865974639386206,-0.9860916236043763,-0.3121540151980877,0.786197939705147,-0.4942665247539784,21.6
-0.6630679340701913,-0.5787073303014293,-0.5941877254844252,0,-0.7412872417164947,1.4483655186428654,-0.26688285899775066,0.5745236621877537,-0.865974639386206,-0.9860916236043763,-0.3121540151980877,0.5719601224243915,-1.2237973599123948,34.7
-0.6615320321995204,-0.5787073303014293,-1.3083796798405942,0,-0.8364003756831139,1.1508362539893429,-0.8113954906472649,1.1048984537468327,-0.751010213576097,-1.104919021650039,0.10788690823124575,0.666709034243891,-1.3794115693688866,33.4
-0.6504420950703458,-0.5787073303014293,-1.3083796798405942,0,-0.8364003756831139,1.387905026360332,-0.5124473791534139,1.1048984537468327,-0.751010213576097,-1.104919021650039,0.10788690823124575,0.786197939705147,-1.038202431202817,36.2
-0.6622939362770972,-0.5787073303014293,-1.3083796798405942,0,-0.8364003756831139,0.24711100092409433,-0.35229660513885086,1.1048984537468327,-0.751010213576097,-1.104919021650039,0.10788690823124575,0.6398635092283668,-1.055334270776009,28.7
-0.6446250179066237,0.46217750176478567,-0.4773465059578536,0,-0.2657215718833969,-0.4179544141837819,-0.0711430240910628,0.8619169608008097,-0.5210813619558788,-0.5761371003468401,-1.5256055717717203,0.7177681700577335,-0.02456858978897089,22.9
-0.6276152070318318,0.46217750176478567,-0.4773465059578536,0,-0.2657215718833969,-0.16338392036258512,0.9787342722266279,1.0508003218710689,-0.5210813619558788,-0.5761371003468401,-1.5256055717717203,0.786197939705147,0.934814426309768,27.1
-0.6074519598359578,0.46217750176478567,-0.4773465059578536,0,-0.2657215718833969,-1.024150402595505,1.117531609705916,1.1145363483245203,-0.5210813619558788,-0.5761371003468401,-1.5256055717717203,0.24560275949056287,2.4738246813014957,16.5
-0.619908486818564,0.46217750176478567,-0.4773465059578536,0,-0.2657215718833969,-0.4306829388748417,0.6157258511269522,1.3615376666471672,-0.5210813619558788,-0.5761371003468401,-1.5256055717717203,0.24981382223809534,0.6421455002677423,18.9
-0.6033249794157497,0.46217750176478567,-0.4773465059578536,0,-0.2657215718833969,0.1627845248458231,0.9146739626208028,1.2426864440660348,-0.5210813619558788,-0.5761371003468401,-1.5256055717717203,0.5556422542777,1.1204093550193457,15.0
-0.6358026524369041,0.46217750176478567,-0.4773465059578536,0,-0.2657215718833969,-0.4227276109429281,0.5089586684505768,1.1845684868136475,-0.5210813619558788,-0.5761371003468401,-1.5256055717717203,0.786197939705147,0.09535428722337147,18.9
-0.6429651554519026,0.46217750176478567,-0.4773465059578536,0,-0.2657215718833969,-0.6136554813088256,-1.0534011047137155,0.8088358931769624,-0.5210813619558788,-0.5761371003468401,-1.5256055717717203,0.4493129199024856,0.44370169187827097,21.7
-0.48091541438060914,-0.5787073303014293,-0.43791259436763563,0,-0.14466849228951745,-0.5181915461258776,-0.24197051637326322,0.44879514799842185,-0.636045787765988,-0.5999025799559726,1.1813248236617666,0.786197939705147,-0.6199000149573849,20.4
-0.47843620269960496,-0.5787073303014293,-0.43791259436763563,0,-0.14466849228951745,-0.28430490492765287,0.5659011658779768,0.3298470621552024,-0.636045787765988,-0.5999025799559726,1.1813248236617666,-0.10233630002437519,-0.3343693554041887,18.2
-0.4816319670249969,-0.5787073303014293,-0.43791259436763563,0,-0.14466849228951745,-0.7011640885598629,-0.4305925391015262,0.3476214707482241,-0.636045787765988,-0.5999025799559726,1.1813248236617666,0.7188209357446158,-0.5899192957042991,19.9
-0.35267063160847106,-0.5787073303014293,-0.43791259436763563,0,-0.14466849228951745,-0.5404664643352326,-1.3986149953673293,0.3476214707482241,-0.636045787765988,-0.5999025799559726,1.1813248236617666,0.2571831820462808,-0.8597457689820696,23.1
-0.4342215787691114,-0.5787073303014293,-0.43791259436763563,0,-0.14466849228951745,-0.4529578570841954,0.46625179538002665,0.23104653482614385,-0.636045787765988,-0.5999025799559726,1.1813248236617666,0.2519193536118631,0.2952257489106088,17.5
-0.4286252119135764,-0.5787073303014293,-0.43791259436763563,0,-0.14466849228951745,-1.3025868802124385,-1.1388148508548157,0.007582989190713948,-0.636045787765988,-0.5999025799559726,1.1813248236617666,-1.9873132623889662,-0.13021493382365348,20.2
-0.4518784034240678,-0.5787073303014293,-0.43791259436763563,0,-0.14466849228951745,-0.8714081063027871,0.03206525249610022,0.007582989190713948,-0.636045787765988,-0.5999025799559726,1.1813248236617666,0.4730001478573597,-0.18874871903205873,18.2
-0.2928490678031684,-0.5787073303014293,-0.43791259436763563,0,-0.14466849228951745,-1.1212054033648362,1.049912394010878,0.008261032025325061,-0.636045787765988,-0.5999025799559726,1.1813248236617666,-0.28393838101174734,1.2017855929920065,13.6
-0.41371063725212087,-0.5787073303014293,-0.43791259436763563,0,-0.14466849228951745,-0.4927344967437579,0.7331697520709649,0.11209844898292395,-0.636045787765988,-0.5999025799559726,1.1813248236617666,0.5561686371211412,0.17530287189826646,19.6
-0.29869033239792453,-0.5787073303014293,-0.43791259436763563,0,-0.14466849228951745,-0.21111588795405845,0.8221424043012777,0.09495365159346981,-0.636045787765988,-0.5999025799559726,1.1813248236617666,0.786197939705147,0.8734253345058309,15.2
-0.37247409076771154,-0.5787073303014293,-0.43791259436763563,0,-0.14466849228951745,-0.7345764658738948,1.117531609705916,0.15224827111811515,-0.636045787765988,-0.5999025799559726,1.1813248236617666,0.6619715886529174,1.0390331170466847,14.5
-0.4444830963853652,-0.5787073303014293,-0.43791259436763563,0,-0.14466849228951745,-0.5579681857854387,0.9075561504423777,0.2996741560150048,-0.636045787765988,-0.5999025799559726,1.1813248236617666,0.6509175489406406,0.5279332364464638,15.6
-0.41718758046328536,-0.5787073303014293,-0.43791259436763563,0,-0.14466849228951745,-1.0750645013597444,0.6086080389485271,0.32631155308901555,-0.636045787765988,-0.5999025799559726,1.1813248236617666,-1.9873132623889662,0.5579139556995495,13.9
-0.46817166165447194,-0.5787073303014293,-0.43791259436763563,0,-0.14466849228951745,-0.7345764658738948,0.7723177190523024,0.43644508208228994,-0.636045787765988,-0.5999025799559726,1.1813248236617666,-0.2676205128650558,0.31521289507933264,16.6
-0.3823486094874184,-0.5787073303014293,-0.43791259436763563,0,-0.14466849228951745,-0.3622671186603949,0.7189341277141147,0.32573037351649176,-0.636045787765988,-0.5999025799559726,1.1813248236617666,-1.9873132623889662,0.66784325962753,14.8
-0.4376108425427768,-0.5787073303014293,-0.43791259436763563,0,-0.14466849228951745,0.35053026403895604,0.9182328687100156,0.3263599847200591,-0.636045787765988,-0.5999025799559726,1.1813248236617666,0.3145589119814205,0.028254582228370538,18.4
-0.3682352434789703,-0.5787073303014293,-0.43791259436763563,0,-0.14466849228951745,0.6353310040014201,0.665550536375927,0.22189295655889266,-0.636045787765988,-0.5999025799559726,1.1813248236617666,-0.0912822603120984,-0.08881298818843993,21.0
-0.32942651038461745,-0.5787073303014293,-0.43791259436763563,0,-0.14466849228951745,-0.8936830245121421,0.9075561504423777,0.21898705869627316,-0.636045787765988,-0.5999025799559726,1.1813248236617666,-1.1472062442560689,1.4273548140390317,12.7
-0.26172891434880774,-0.5787073303014293,-0.43791259436763563,0,-0.14466849228951745,-0.3224904790008324,1.117531609705916,0.19089671269095265,-0.636045787765988,-0.5999025799559726,1.1813248236617666,-0.27551625551667946,0.06251826137475386,14.5
-0.2516699664674652,-0.5787073303014293,-0.43791259436763563,0,-0.14466849228951745,-0.5166004805394946,0.47692851364766403,0.10129819526018884,-0.636045787765988,-0.5999025799559726,1.1813248236617666,-1.9873132623889662,2.1568856491974477,13.2
-0.3231045205980569,-0.5787073303014293,-0.43791259436763563,0,-0.14466849228951745,-0.9127758115487326,0.9395863052452904,0.0030788475036538786,-0.636045787765988,-0.5999025799559726,1.1813248236617666,-1.220899842337903,0.8206021624884899,13.1
-0.18369421497476232,-0.5787073303014293,-0.43791259436763563,0,-0.14466849228951745,-0.28430490492765287,1.0072055209403283,-0.010191419402307968,-0.636045787765988,-0.5999025799559726,1.1813248236617666,-1.9873132623889662,1.10470516874392,13.5
-0.6519175283634312,-0.5787073303014293,-0.7563049175775434,0,-0.48188778544389593,-0.5436485955079973,-0.014200526663662323,-0.2036757854217144,-0.5210813619558788,-0.7662609372199004,0.34124297680309806,0.786197939705147,-0.4171732466746156,18.9
-0.6418585804820885,-0.5787073303014293,-0.7563049175775434,0,-0.48188778544389593,-0.6900266294551847,-0.2562061407301132,-0.195151818358031,-0.5210813619558788,-0.7662609372199004,0.34124297680309806,-0.2318264795110225,-0.17018922616110085,20.0
-0.6470891124432315,-0.5787073303014293,-0.7563049175775434,0,-0.48188778544389593,-0.6757070391777432,-0.9644284524834028,0.07427334513782863,-0.5210813619558788,-0.7662609372199004,0.34124297680309806,0.786197939705147,-0.5470896967713199,21.0
-0.6183937489500481,-0.5787073303014293,-0.7563049175775434,0,-0.48188778544389593,-0.4911434311573749,-1.3665848405644163,0.032186257760891394,-0.5210813619558788,-0.7662609372199004,0.34124297680309806,0.6035430930308924,-0.3529288482751463,24.7
-0.662965137488296,2.023504749864108,-1.195920006046269,0,-1.0957998319557127,0.5096368226772033,-1.6655329520582676,0.7847169409172213,-0.751010213576097,-0.926677924581545,-0.07879794662623542,0.719347318588057,-1.182395414277181,30.8
-0.6611631738762491,2.023504749864108,-1.195920006046269,0,-1.0957998319557127,1.192203959235287,-1.8790673174110182,0.7847169409172213,-0.751010213576097,-0.926677924581545,-0.07879794662623542,0.7188209357446158,-1.5164662859544207,34.9
-0.6327882938442686,-0.5787073303014293,-0.6175559693897396,0,-0.9228668611073134,0.7880733002941368,-2.3381662029194317,0.9396012969948343,-0.751010213576097,-1.0395639527249245,-0.2654828014837182,0.1813840525906819,-1.1081574427933503,26.6
-0.6285373528400101,-0.5787073303014293,-0.6175559693897396,0,-0.9228668611073134,-0.16815711712173273,-2.206486677618569,0.9396012969948343,-0.751010213576097,-1.0395639527249245,-0.2654828014837182,0.07400195252858216,-0.9696750729100502,25.3
-0.623137508861628,-0.5787073303014293,-0.6175559693897396,0,-0.9228668611073134,-0.1013323624936675,-2.2100455837077817,0.9396012969948343,-0.751010213576097,-1.0395639527249245,-0.2654828014837182,0.6577605259053819,-0.7369675853741952,24.7
-0.6342244225619235,-0.5787073303014293,-0.6175559693897396,0,-0.9228668611073134,-0.32726367575998,-1.0178120438215905,0.9396012969948343,-0.751010213576097,-1.0395639527249245,-0.2654828014837182,0.3908844242804606,-0.4357327395455732,21.2
-0.6194912536332243,-0.5787073303014293,-0.6175559693897396,0,-0.9228668611073134,-0.9430060576899985,-1.2384642213527661,0.6390830263689472,-0.751010213576097,-1.0395639527249245,-0.2654828014837182,0.786197939705147,-0.3415076218930185,19.3
-0.6143695651117352,-0.5787073303014293,-0.6175559693897396,0,-0.9228668611073134,-0.7775352367062219,-1.2562587517988288,0.6390830263689472,-0.751010213576097,-1.0395639527249245,-0.2654828014837182,0.786197939705147,0.2209877774267779,20.0
-0.6020007175666279,-0.5787073303014293,-0.6175559693897396,0,-0.9228668611073134,-0.3893152336288962,0.6014902267701019,0.9243453332160825,-0.751010213576097,-1.0395639527249245,-0.2654828014837182,0.567222676833418,0.884846560887959,16.6
-0.5945630825236154,-0.5787073303014293,-0.6175559693897396,0,-0.9228668611073134,-1.3932776186362403,0.9502630235129279,1.0118128588809256,-0.751010213576097,-1.0395639527249245,-0.2654828014837182,0.786197939705147,2.599458171504901,14.4
-0.6048729750019376,-0.5787073303014293,-0.6175559693897396,0,-0.9228668611073134,-1.0702913046005968,-0.23485270419483809,1.1172485196629651,-0.751010213576097,-1.0395639527249245,-0.2654828014837182,0.786197939705147,0.5136567034688038,19.4
-0.6444919870359357,1.1699791875698118,-0.803041405388172,0,-1.0006866979890932,-0.4959166279165225,-0.8149543967364772,1.469346477350346,-0.636045787765988,-0.9801502537020932,-0.7788661523417922,0.7156626386839657,0.12105204658315909,19.7
-0.6582062604323197,1.1699791875698118,-0.803041405388172,0,-1.0006866979890932,-0.2540746587863856,-0.19926364330271298,1.469346477350346,-0.636045787765988,-0.9801502537020932,-0.7788661523417922,0.6319677665767431,-0.4528645791187651,20.5
-0.6551132926888231,1.1699791875698118,-0.803041405388172,0,-1.0006866979890932,0.3759873134210757,-1.6904452946827548,1.469346477350346,-0.636045787765988,-0.9801502537020932,-0.7788661523417922,0.786197939705147,-1.045340697691647,25.0
-0.6562591722340677,1.1699791875698118,-0.803041405388172,0,-1.0006866979890932,-0.44022933239313555,-1.6797685764151176,1.469346477350346,-0.636045787765988,-0.9801502537020932,-0.7788661523417922,0.786197939705147,-0.5956299088953632,23.4
-0.6672070082059165,2.023504749864108,-1.0425659054176437,0,-1.251439505719272,-0.6152465468952086,-0.7473351810414396,1.7139262141208098,-0.751010213576097,0.362599344213895,1.2279960373761378,0.786197939705147,0.3137852417815667,18.9
-0.6673551562210008,2.023504749864108,-1.44858914327248,0,-1.3119660455162112,1.5501937161713442,-1.6619740459690548,2.380781341960912,-0.5210813619558788,-1.0811535420409064,-0.2654828014837182,0.7351388038913074,-1.1124404026866481,35.4
-0.6651057251348215,2.023504749864108,-1.5186938749884231,0,-1.251439505719272,0.17233091836411832,-1.1708450056577282,2.618580650385264,-0.865974639386206,-0.5642543605422738,-0.54551008376994,0.786197939705147,-0.9753856861011141,24.7
-0.6669893213266087,2.023504749864108,-1.4339839908316587,0,-1.242792857176852,0.8612623172677312,-1.0000175133755278,2.200712537740598,-0.5210813619558788,-0.9029124449724124,-1.5722767854860906,0.5756448023284828,-1.2352185862945224,31.6
-0.6246220124413512,1.5030623338310007,-0.8775276828363614,0,-0.8796336183952137,-0.20634269119491225,-1.4021739014565415,1.9537112194179513,-0.1761880845255517,-0.7365540877084847,0.5745990453749503,0.45878781108443584,-0.8197714766446221,23.3
-0.6400928980165931,1.5030623338310007,-0.8775276828363614,0,-0.8796336183952137,-0.5531949890262925,-0.7615708053982896,1.5261567805645548,-0.1761880845255517,-0.7365540877084847,0.5745990453749503,0.786197939705147,-0.4828452983718506,19.6
-0.6261730314564184,1.5030623338310007,-0.8775276828363614,0,-0.8796336183952137,-0.8491331880934334,-0.08537864844791254,1.6682551860466417,-0.1761880845255517,-0.7365540877084847,0.5745990453749503,0.6919754107290916,0.07822244765017981,18.7
-0.6194035741957253,1.5030623338310007,-0.8775276828363614,0,-0.8796336183952137,-0.4911434311573749,0.8826438078178905,1.471186879330005,-0.1761880845255517,-0.7365540877084847,0.5745990453749503,-0.20445457165205713,0.2623897230619912,16.0
-0.6379795212299809,1.5030623338310007,-0.8775276828363614,0,-0.8796336183952137,0.28847870617003984,-0.028436151020512567,1.6683036176776858,-0.1761880845255517,-0.7365540877084847,0.5745990453749503,0.786197939705147,-0.8383309695155798,22.2
-0.6330724961589203,1.5030623338310007,-0.8775276828363614,0,-0.8796336183952137,0.7753447756030769,-0.8968092367883651,2.0341561585814643,-0.1761880845255517,-0.7365540877084847,0.5745990453749503,0.7167154043708481,-0.4428710060344032,25.0
-0.6654201617382659,0.8785314345912717,-1.4252208993671658,0,-1.19869494961051,1.3194892061458854,-0.32382535642515087,2.6356770161436742,-0.751010213576097,-1.1405672410637377,0.061215694516876286,0.593541819005501,-0.6498807342104703,33.0
-0.6604829023784126,2.023504749864108,-1.134578365794819,0,-1.355199288228311,0.024361818830547863,-1.807889195626768,1.3709334030696365,-0.636045787765988,-0.4216614828874786,-1.105564648342385,0.786197939705147,-1.132427548855372,23.5
-0.6580792764193902,2.023504749864108,-1.134578365794819,0,-1.355199288228311,-0.7759441711198389,-1.3345546857615038,1.3709334030696365,-0.636045787765988,-0.4216614828874786,-1.105564648342385,0.786197939705147,-0.3372246619997206,19.4
-0.6538162416996147,0.46217750176478567,-0.7402392498926397,0,-1.260086154261692,-0.6311572027590331,-1.6797685764151176,1.3159635018350868,-0.636045787765988,-0.37413052366921357,0.20122933565998632,0.7498775235076724,-0.6427424677216406,22.0
-0.6303393164520572,0.46217750176478567,-0.7402392498926397,0,-1.260086154261692,-1.0830198292916566,-1.131697038676391,1.3159635018350868,-0.636045787765988,-0.37413052366921357,0.20122933565998632,0.786197939705147,0.06965652786358385,17.4
-0.6325706069649609,0.46217750176478567,-0.7402392498926397,0,-1.260086154261692,-0.6200197436543563,-1.2669354700664661,1.3159635018350868,-0.636045787765988,-0.37413052366921357,0.20122933565998632,0.786197939705147,-0.544234390175788,20.9
-0.6446340881932616,-0.5787073303014293,-0.047955024197702915,0,-1.225499560092012,0.22642714830112226,-2.206486677618569,0.7296017447895409,-0.636045787765988,-0.6117853197605388,0.34124297680309806,0.09295173489248264,-0.8397586228133459,24.2
-0.6233189145943844,-0.5787073303014293,-0.047955024197702915,0,-1.225499560092012,-0.49909875908928714,-1.8185659138944055,0.7296017447895409,-0.636045787765988,-0.6117853197605388,0.34124297680309806,-0.26446221580440565,-0.3886201807192958,21.7
-0.6436121692320672,-0.5787073303014293,-0.047955024197702915,0,-1.225499560092012,-0.3336279381055092,-2.163779804548019,0.7296017447895409,-0.636045787765988,-0.6117853197605388,0.34124297680309806,0.470894616483595,-1.0110770185452636,22.8
-0.612244094609606,-0.5787073303014293,-0.047955024197702915,0,-1.225499560092012,-0.04723613255666355,-2.2207223019754188,0.7296017447895409,-0.636045787765988,-0.6117853197605388,0.34124297680309806,-0.25235541040524656,-0.7226910523965354,23.4
-0.6474458770509858,-0.5787073303014293,0.2470690551068903,0,-1.017979995073933,-0.002686296137954822,-2.227840114153844,0.22794691043934975,-0.5210813619558788,-0.059237918848207484,0.10788690823124575,0.6819741367037002,-0.83119270302675,24.1
-0.64256001598208,-0.5787073303014293,0.2470690551068903,0,-1.017979995073933,0.01799755648501724,-0.8398667393609649,0.34955873598997056,-0.5210813619558788,-0.059237918848207484,0.10788690823124575,0.06663259272039963,-0.5228195907092982,21.4
-0.6406219980704658,-0.5787073303014293,0.2470690551068903,0,-1.017979995073933,0.00686009738034041,0.21001055695672574,0.13142266976934291,-0.5210813619558788,-0.059237918848207484,0.10788690823124575,-0.43711578845326876,-0.09024064148620588,20.0
-0.644993876229895,-0.5787073303014293,0.2470690551068903,0,-1.017979995073933,-0.21429801912682447,-0.8113954906472649,0.149971984459063,-0.5210813619558788,-0.059237918848207484,0.10788690823124575,0.26297339332413683,-0.33294170210642277,20.8
-0.6542485920293508,-0.5787073303014293,0.2470690551068903,0,-1.017979995073933,-0.06791998517963561,-0.5302419095994764,0.597286528778272,-0.5210813619558788,-0.059237918848207484,0.10788690823124575,0.23349595409140375,-0.0374174694688647,21.2
-0.6459613734712626,-0.5787073303014293,0.2470690551068903,0,-1.017979995073933,-0.6375214651045638,-1.1388148508548157,0.34955873598997056,-0.5210813619558788,-0.059237918848207484,0.10788690823124575,0.7419817808560487,-0.4999771379450425,20.3
-0.658883508501277,1.5030623338310007,-0.9169615944265792,0,-1.1130931290405526,0.7196574800796913,-1.2491409396204036,0.7845232143930467,-0.636045787765988,-0.7543781974153341,0.24790054937435746,0.786197939705147,-1.043913044393881,28.0
-0.6578283318224105,1.5030623338310007,-0.9169615944265792,0,-1.1130931290405526,0.5478223967503828,0.06409540729901302,0.7845232143930467,-0.636045787765988,-0.7543781974153341,0.24790054937435746,0.719347318588057,-0.7683759579250469,23.9
-0.660256145212467,1.5030623338310007,-0.9169615944265792,0,-1.1130931290405526,0.04345460586713692,-1.295406718780166,0.7845232143930467,-0.636045787765988,-0.7543781974153341,0.24790054937435746,0.786197939705147,-0.8397586228133459,24.8
-0.6605826755314286,1.5030623338310007,-0.9169615944265792,0,-1.1130931290405526,-0.17133924829449734,-0.7793653358443521,0.7845232143930467,-0.636045787765988,-0.7543781974153341,0.24790054937435746,0.4566822797106681,-0.7269740122898334,22.9
-0.6560233447814843,-0.5787073303014293,-0.9710006584576186,0,-0.9142202125648935,0.18187731188241354,-0.7330995566845896,0.4836174907188108,-0.751010213576097,-0.9563847740929606,0.014544480802505163,0.786197939705147,-0.42573916646121157,23.9
-0.6539795068590956,-0.5787073303014293,-0.9710006584576186,0,-0.9142202125648935,0.5653241182005903,-0.44482816345837617,0.3181266074426378,-0.751010213576097,-0.9563847740929606,0.014544480802505163,0.5440618317219851,-0.8668840354708994,26.6
-0.655633322456058,-0.5787073303014293,-0.9710006584576186,0,-0.9142202125648935,-0.41318121742463426,-0.8363078332717524,0.3130412861830537,-0.751010213576097,-0.9563847740929606,0.014544480802505163,0.7382971009519576,0.03682050201496624,22.5
-0.6496983315660445,-0.5787073303014293,-0.9710006584576186,0,-0.9142202125648935,-0.24452826526809035,-0.41991582083388873,-0.01610007838963402,-0.751010213576097,-0.9563847740929606,0.014544480802505163,0.6940809421028564,-0.5942022555975972,22.2
-0.654206264025041,-0.5787073303014293,-1.1287363048184904,0,-0.5683542708680955,1.1651558442667842,0.6299614754838019,-0.17393876396090957,-0.865974639386206,-0.8197332663404486,-0.3121540151980877,0.786197939705147,-1.0139323251407955,23.6
-0.6552886515638209,-0.5787073303014293,-1.1287363048184904,0,-0.5683542708680955,1.279712566486323,-0.19570473721350043,-0.17742584139605286,-0.865974639386206,-0.8197332663404486,-0.3121540151980877,0.7419817808560487,-0.9853792591854759,28.7
-0.6571571306112118,-0.5787073303014293,-1.1287363048184904,0,-0.5683542708680955,0.22642714830112226,-0.08893755453712535,-0.3334725566187132,-0.865974639386206,-0.8197332663404486,-0.3121540151980877,0.5377452376006848,-0.5413790835802558,22.6
-0.6594307491284254,-0.5787073303014293,-1.1287363048184904,0,-0.5683542708680955,0.20733436126453322,0.18865712042145089,-0.3335694198808005,-0.865974639386206,-0.8197332663404486,-0.3121540151980877,0.6098596871521925,-0.6284659347439808,22.0
-0.6586113999021423,1.7528746935268924,0.5698429240490442,0,-0.7845204844285941,0.2662037879606848,-0.533800815688689,-0.055668720952300986,-0.636045787765988,-0.8197332663404486,-0.12546916034060654,0.6867115822946739,-0.6341765479350446,22.9
-0.6626265134538173,1.7528746935268924,0.5698429240490442,0,-0.7845204844285941,-0.1013323624936675,-1.4128506197241792,-0.055668720952300986,-0.636045787765988,-0.8197332663404486,-0.12546916034060654,0.7561941176289726,-0.9125689409994109,25.0
-0.6583362678741284,1.7528746935268924,0.5698429240490442,0,-0.7845204844285941,-0.04087187021113434,0.30965992745467597,-0.08032042115352198,-0.636045787765988,-0.8197332663404486,-0.12546916034060654,0.786197939705147,-0.2872567965779113,20.6
-0.6344209454390761,-0.5787073303014293,-1.2046830975107619,0,-0.9488068067345733,0.557368790268678,-0.38432675994176363,-0.13834151514382217,-0.865974639386206,-0.7840850469267497,-0.21881158776934712,-1.2624840869697922,-0.8497521958977077,28.4
-0.6365373456545675,-0.5787073303014293,-1.2046830975107619,0,-0.9488068067345733,-0.17770351064002654,0.035624158585312524,-0.13834151514382217,-0.865974639386206,-0.7840850469267497,-0.21881158776934712,0.5193218380802256,-0.18018279924546277,21.4
-0.6347867803334681,-0.5787073303014293,-1.2046830975107619,0,-0.9488068067345733,2.3091320008757883,0.2633941482949134,-0.13834151514382217,-0.865974639386206,-0.7840850469267497,-0.21881158776934712,0.786197939705147,-1.1980996005526072,38.7
-0.6465660592471173,-0.5787073303014293,-1.2046830975107619,0,-0.9488068067345733,2.3091320008757883,-1.1281381325871784,-0.13834151514382217,-0.865974639386206,-0.7840850469267497,-0.21881158776934712,0.6088069214653072,-1.2894694116096297,43.8
-0.650578149369913,-0.5787073303014293,-1.2046830975107619,0,-0.9488068067345733,1.8159016690972192,-0.21705817374877553,-0.13834151514382217,-0.865974639386206,-0.7840850469267497,-0.21881158776934712,0.786197939705147,-0.9154242475949428,33.2
-0.6263725777624505,-0.5787073303014293,-0.3765709541161856,0,-0.30030816605307675,0.7196574800796913,0.40219148577420155,-0.4857900362510119,-0.5210813619558788,-0.14241709748017134,1.1346536099473954,0.6735520112086324,-0.45429223241653105,27.5
-0.6367550325338751,-0.5787073303014293,-0.3765709541161856,0,-0.30030816605307675,0.8055750217443443,0.09612556210192531,-0.44786806914382904,-0.5210813619558788,-0.14241709748017134,1.1346536099473954,0.7167154043708481,-0.7041315595255777,26.5
-0.6021549124394708,-0.5787073303014293,-0.3765709541161856,0,-0.30030816605307675,0.20733436126453322,0.5979313206808896,-0.516350395439559,-0.5210813619558788,-0.14241709748017134,1.1346536099473954,-1.9873132623889662,-0.2815461833868473,18.6
-0.6073400929674247,-0.5787073303014293,-0.3765709541161856,0,-0.30030816605307675,-0.2190712158859721,0.6691094424651398,-0.516350395439559,-0.5210813619558788,-0.14241709748017134,1.1346536099473954,0.6582869087488261,0.11962439328539314,19.3
-0.6291118043270721,-0.5787073303014293,-0.3765709541161856,0,-0.30030816605307675,-0.17133924829449734,0.7616410007846649,-0.6585940958147773,-0.5210813619558788,-0.14241709748017134,1.1346536099473954,0.5645907626162091,-0.03884512276663065,20.1
-0.6312221576848049,-0.5787073303014293,-0.3765709541161856,0,-0.30030816605307675,-0.6741159735913602,1.0000877087619033,-0.8107178489229014,-0.5210813619558788,-0.14241709748017134,1.1346536099473954,0.6361788293242755,0.5522033425084852,19.5
-0.6195577690685684,-0.5787073303014293,-0.3765709541161856,0,-0.30030816605307675,-0.6979819573870969,0.8292602164797028,-0.7603005210064554,-0.5210813619558788,-0.14241709748017134,1.1346536099473954,0.7214528499618247,0.8648594147192352,19.5
-0.6316605548722996,-0.5787073303014293,-0.3765709541161856,0,-0.30030816605307675,-0.2349818717497965,0.5908135085024645,-0.8032109461111349,-0.5210813619558788,-0.14241709748017134,1.1346536099473954,0.30139934089537895,0.21242185764018193,20.4
-0.6326129349692707,-0.5787073303014293,-0.3765709541161856,0,-0.30030816605307675,0.31711788672492414,1.014323333118753,-0.6528307317205821,-0.5210813619558788,-0.14241709748017134,1.1346536099473954,0.698818387693833,-0.047411042553226604,19.8
-0.5916122159374446,-0.5787073303014293,-0.3765709541161856,0,-0.30030816605307675,-0.07269318193878323,0.8043478738552151,-0.5984904416895999,-0.5210813619558788,-0.14241709748017134,1.1346536099473954,0.48773886747372774,0.42085923911401524,19.4
-0.6386870035877309,-0.5787073303014293,-0.3765709541161856,0,-0.30030816605307675,-0.12678941187578718,-0.505329566974989,-0.4857900362510119,-0.5210813619558788,-0.14241709748017134,1.1346536099473954,0.6067013900915424,0.05680764818369005,21.7
-0.6408306146631357,-0.5787073303014293,-0.16479624372427462,0,-0.06684865540773778,0.7005646930431009,0.4626928892908138,-0.534366962187799,-0.4061169361457698,0.14276865782941905,-0.3121540151980877,0.7172417872142893,-0.34864588838184846,22.8
-0.6340430168291671,-0.5787073303014293,-0.16479624372427462,0,-0.06684865540773778,-0.5754699072356462,0.8648492773718279,-0.6913338784002888,-0.4061169361457698,0.14276865782941905,-0.3121540151980877,0.6835532852340238,0.5150843567665699,18.8
-0.6041624692153084,-0.5787073303014293,-0.16479624372427462,0,-0.06684865540773778,-0.2906691672731835,0.9538219296021407,-0.5970859243893338,-0.4061169361457698,0.14276865782941905,-0.3121540151980877,0.786197939705147,0.6407178469699761,18.7
-0.628292455100789,-0.5787073303014293,-0.16479624372427462,0,-0.06684865540773778,-0.03291654227922212,0.5552244476103394,-0.7382641288815918,-0.4061169361457698,0.14276865782941905,-0.3121540151980877,0.3566695394567539,-0.30724394274663513,18.5
-0.6195154410642586,-0.5787073303014293,-0.16479624372427462,0,-0.06684865540773778,-0.5516039234399095,0.6975806911788398,-0.6382043791453981,-0.4061169361457698,0.14276865782941905,-0.3121540151980877,-1.9504664633480417,0.4508399583671007,18.3
-0.6315365942882494,-0.5787073303014293,-0.16479624372427462,0,-0.06684865540773778,-0.15701965801705448,0.13883243517247554,-0.5088919242588358,-0.4061169361457698,0.14276865782941905,-0.3121540151980877,0.596700116066151,-0.08024706840184422,21.2
-0.625671142262459,-0.5787073303014293,-0.16479624372427462,0,-0.06684865540773778,-0.40363482390633904,0.4982819501829389,-0.5005132520882835,-0.4061169361457698,0.14276865782941905,-0.3121540151980877,0.6603924401225908,-0.32865874221312463,19.2
-0.6318389371761767,-0.5787073303014293,-0.16479624372427462,0,-0.06684865540773778,-0.6407035962773283,0.1601858717077504,-0.6312302242751116,-0.4061169361457698,0.14276865782941905,-0.3121540151980877,-1.9873132623889662,0.3951614797542274,20.4
-0.6275517150253671,-0.5787073303014293,-0.16479624372427462,0,-0.06684865540773778,-0.8650438439572579,-0.12096770934003764,-0.49479831962513204,-0.4061169361457698,0.14276865782941905,-0.3121540151980877,0.5019512042466516,0.1438944993474148,19.3
-0.6504602356436213,-0.5787073303014293,2.1194495980202,0,0.22713739503453995,-0.643885727450093,0.03918306467452534,-0.737682949309068,-0.865974639386206,-1.3069255983276655,0.29457176308872857,0.37825123603786026,0.2523961499776293,22.0
-0.6496560035617346,-0.5787073303014293,2.1194495980202,0,0.22713739503453995,-0.4306829388748417,0.5516655415211266,-0.7668872228283926,-0.865974639386206,-1.3069255983276655,0.29457176308872857,-0.22603626823316353,0.23811961699996956,20.3
-0.6432040063333653,-0.5787073303014293,2.1194495980202,0,0.22713739503453995,-0.49909875908928714,0.8648492773718279,-0.8204041751316327,-0.865974639386206,-1.3069255983276655,0.29457176308872857,-0.20392818880861596,0.7606407239823185,20.5
-0.6258525479952154,-0.5787073303014293,2.1194495980202,0,0.22713739503453995,-0.666160645659448,1.0107644270295406,-0.8894192493688429,-0.865974639386206,-1.3069255983276655,0.29457176308872857,-0.6134540410062261,1.8285253907112722,17.3
-0.641541120449765,-0.5787073303014293,2.1194495980202,0,0.22713739503453995,-0.6295661371726515,0.9680575539589904,-0.8594400697528196,-0.865974639386206,-1.3069255983276655,0.29457176308872857,-0.13602480200464073,0.710672858560509,18.8
-0.6202168765642498,-0.5787073303014293,2.1194495980202,0,0.22713739503453995,-0.459322119429726,0.7046985033572649,-0.8659299083126696,-0.865974639386206,-1.3069255983276655,0.29457176308872857,0.16085512169645488,0.31521289507933264,21.4
-0.5542063538430746,-0.5787073303014293,2.1194495980202,0,0.22713739503453995,-1.0527895831503893,0.9609397417805653,-0.9800832626825672,-0.865974639386206,-1.3069255983276655,0.29457176308872857,-1.1935279344789347,2.092641250797979,15.7
-0.5929667120753591,-0.5787073303014293,1.570295866245314,0,0.5989432823585983,-0.9255043362397924,0.9751753661374155,-0.9650210254279902,-0.636045787765988,0.17247550734083472,1.2746672510905073,0.5340605576965936,0.6549943799476362,16.2
-0.5729274254635354,-0.5787073303014293,1.570295866245314,0,0.5989432823585983,0.24870206651047735,1.0748247366353658,-0.9533005707154254,-0.636045787765988,0.17247550734083472,1.2746672510905073,0.786197939705147,0.3980167863497595,18.0
-0.4048792014957634,-0.5787073303014293,1.570295866245314,0,0.5989432823585983,-1.0146040090772113,0.928909586977653,-0.8722260203483448,-0.636045787765988,0.17247550734083472,1.2746672510905073,0.786197939705147,0.8191745091907238,14.3
-0.5685041490131584,-0.5787073303014293,1.570295866245314,0,0.5989432823585983,0.29166083734280446,1.0783836427245785,-0.8050997797218373,-0.636045787765988,0.17247550734083472,1.2746672510905073,0.6882907308250004,-0.0002984837269492282,19.2
-0.31064194675769213,-0.5787073303014293,1.570295866245314,0,0.5989432823585983,0.08164017994031643,1.0356767696540283,-0.7312415423802616,-0.636045787765988,0.17247550734083472,1.2746672510905073,0.786197939705147,-0.048838695850992556,19.6
-0.4929214504602037,-0.5787073303014293,1.570295866245314,0,0.5989432823585983,0.15482919691391087,1.0427945818324535,-0.7039261024716396,-0.636045787765988,0.17247550734083472,1.2746672510905073,0.1998074521111382,-0.21159117179631443,23.0
-0.5716001401855343,-0.5787073303014293,1.570295866245314,0,0.5989432823585983,-0.720256875596452,0.9538219296021407,-0.6349110282344294,-0.636045787765988,0.17247550734083472,1.2746672510905073,0.354037625239545,0.346621267630184,18.4
-0.37618081457370073,-0.5787073303014293,1.570295866245314,0,0.5989432823585983,-0.8236761387113137,1.060589112278516,-0.6949178190975194,-0.636045787765988,0.17247550734083472,1.2746672510905073,-1.9873132623889662,0.6721262195208275,15.6
-0.5026780554536188,-0.5787073303014293,1.570295866245314,0,0.5989432823585983,0.09595977021775928,1.0534713001000908,-0.8088774469432425,-0.636045787765988,0.17247550734083472,1.2746672510905073,0.6688145656176587,0.6221583540990185,18.1
-0.5737709621208525,-0.5787073303014293,1.570295866245314,0,0.5989432823585983,-0.5293290052305544,0.8862027139071028,-0.8785221323840201,-0.636045787765988,0.17247550734083472,1.2746672510905073,-0.19550606331354808,0.6135924343124224,17.4
-0.56479440177829,-0.5787073303014293,1.570295866245314,0,0.5989432823585983,0.28529657499727384,1.060589112278516,-0.9352355723361415,-0.636045787765988,0.17247550734083472,1.2746672510905073,0.6377579778545991,0.283804522528481,17.1
-0.5957936180774798,-0.5787073303014293,1.570295866245314,0,0.5989432823585983,-0.664569580073065,1.0534713001000908,-1.0229936877872465,-0.636045787765988,0.17247550734083472,1.2746672510905073,0.5303758777925024,1.2446151919249862,13.3
-0.5066871221475353,-0.5787073303014293,1.570295866245314,0,0.5989432823585983,-0.196796297676617,1.0427945818324535,-1.0229452561562031,-0.636045787765988,0.17247550734083472,1.2746672510905073,0.786197939705147,0.8363063487639156,17.8
-0.5833673253836662,-0.5787073303014293,1.570295866245314,0,0.5989432823585983,-0.1602017891898191,0.8897616199963151,-1.0504544225889998,-0.636045787765988,0.17247550734083472,1.2746672510905073,0.321928271789603,1.6500687284905247,14.0
-0.1789111504877518,-0.5787073303014293,1.570295866245314,0,0.5989432823585983,-1.997882541461582,1.117531609705916,-1.1339989861393067,-0.636045787765988,0.17247550734083472,1.2746672510905073,0.786197939705147,2.757927687556927,14.4
0.3327769764693508,-0.5787073303014293,1.232916844862338,1,2.7346654723363266,-1.3869133562907112,1.117531609705916,-1.1910514475087337,-0.5210813619558788,-0.029531069336791813,-1.7589616403435726,0.786197939705147,2.0298245056962756,13.4
0.5675008775117382,-0.5787073303014293,1.232916844862338,0,2.7346654723363266,-1.2834940931758494,1.117531609705916,-1.1473661163073559,-0.5210813619558788,-0.029531069336791813,-1.7589616403435726,0.786197939705147,1.9727183737856364,15.6
0.16911574780540453,-0.5787073303014293,1.232916844862338,0,2.7346654723363266,-2.1824461494819505,1.0392356757432406,-1.1792825611651254,-0.5210813619558788,-0.029531069336791813,-1.7589616403435726,0.786197939705147,2.382454870244473,11.8
0.04805765547929926,-0.5787073303014293,1.232916844862338,0,2.7346654723363266,-0.2302086749906489,1.117531609705916,-1.143830607241169,-0.5210813619558788,-0.029531069336791813,-1.7589616403435726,-1.9873132623889662,2.1697345288773415,13.8
-0.019754830853922885,-0.5787073303014293,1.232916844862338,0,2.7346654723363266,-1.0289235993546528,1.117531609705916,-1.0966097669736041,-0.5210813619558788,-0.029531069336791813,-1.7589616403435726,-1.9873132623889662,0.5779011018682728,15.6
0.044816539720718196,-0.5787073303014293,1.232916844862338,0,2.7346654723363266,-2.1458516409951525,0.9644986478697781,-1.1236346170959641,-0.5210813619558788,-0.029531069336791813,-1.7589616403435726,0.5130052439589254,2.4167185493908567,14.6
0.03343937684801253,-0.5787073303014293,1.232916844862338,0,2.7346654723363266,-1.7321745885357085,0.8968794321747402,-1.0903136549379289,-0.5210813619558788,-0.029531069336791813,-1.7589616403435726,-1.3145959884705172,2.243972500361173,17.8
0.15527751382497035,-0.5787073303014293,1.232916844862338,0,2.7346654723363266,-1.078246632532509,0.9360273991560781,-1.0922024885486314,-0.5210813619558788,-0.029531069336791813,-1.7589616403435726,-1.5851567699995297,1.2631746847959437,15.4
-0.1704576433413035,-0.5787073303014293,1.232916844862338,0,2.7346654723363266,-0.24293719968170874,1.021441145297178,-1.0475000930953366,-0.5210813619558788,-0.029531069336791813,-1.7589616403435726,-0.4823847129892523,0.21384951093794788,21.5
-0.2189171614182969,-0.5787073303014293,1.232916844862338,0,2.7346654723363266,-1.385322290704328,1.117531609705916,-1.0602860436908619,-0.5210813619558788,-0.029531069336791813,-1.7589616403435726,-1.9873132623889662,0.09678194052113742,19.6
-0.33070542080055015,-0.5787073303014293,1.232916844862338,1,2.7346654723363266,-2.0090200005662604,0.6904628790004147,-1.0512777603167418,-0.5210813619558788,-0.029531069336791813,-1.7589616403435726,-1.9873132623889662,-0.06882584201971637,15.3
-0.021529583606056425,-0.5787073303014293,1.232916844862338,0,2.7346654723363266,-0.9000472868576728,1.0641480183677283,-1.0449816482810665,-0.5210813619558788,-0.029531069336791813,-1.7589616403435726,-1.9873132623889662,0.4551229182603986,19.4
-0.2438513793856643,-0.5787073303014293,1.232916844862338,1,2.7346654723363266,-0.23179974057703193,0.9751753661374155,-0.9838609299039724,-0.5210813619558788,-0.029531069336791813,-1.7589616403435726,-1.9873132623889662,0.35947014731007787,17.0
0.39746626077028363,-0.5787073303014293,1.232916844862338,1,2.7346654723363266,-0.195205232090234,0.4982819501829389,-0.9857497635146749,-0.5210813619558788,-0.029531069336791813,-1.7589616403435726,-1.9873132623889662,0.3451936143324181,15.6
0.06841742555232612,-0.5787073303014293,1.232916844862338,0,2.7346654723363266,-1.5953429481068149,0.9039972443531653,-0.9901570419396477,-0.5210813619558788,-0.029531069336791813,-1.7589616403435726,-1.9873132623889662,0.505090783682208,13.1
-0.30137816067159856,-0.5787073303014293,1.232916844862338,0,0.434656960052619,1.0633276467383057,1.0250000513863908,-0.9219168737991361,-0.5210813619558788,-0.029531069336791813,-1.7589616403435726,-0.9756054372940881,-1.1438487752374997,41.3
-0.26532074785738446,-0.5787073303014293,1.232916844862338,0,0.434656960052619,-0.3320368725191276,1.117531609705916,-0.9800348310515234,-0.5210813619558788,-0.029531069336791813,-1.7589616403435726,-1.477774669937433,-0.8811605684485594,24.3
-0.240474209327516,-0.5787073303014293,1.232916844862338,0,2.7346654723363266,0.3743962478346927,1.117531609705916,-0.9758697107817692,-0.5210813619558788,-0.029531069336791813,-1.7589616403435726,-0.9292837470712222,-0.7441058518630251,23.3
-0.286297297421783,-0.5787073303014293,1.232916844862338,1,0.434656960052619,-0.03928080462475133,0.85417255910419,-0.9601294306925808,-0.5210813619558788,-0.029531069336791813,-1.7589616403435726,-1.9873132623889662,-1.0139323251407955,27.0
-0.22888238300438193,-0.5787073303014293,1.232916844862338,0,0.434656960052619,1.9320494569031392,0.7901122494983649,-0.8765848671422739,-0.5210813619558788,-0.029531069336791813,-1.7589616403435726,-0.3965843095082619,-1.5521576183985701,50.0
-0.11689155388721745,-0.5787073303014293,1.232916844862338,1,0.434656960052619,2.3091320008757883,1.0534713001000908,-0.8427795886738018,-0.5210813619558788,-0.029531069336791813,-1.7589616403435726,0.40246484683617856,-1.5250322057410166,50.0
-0.2120539778623464,-0.5787073303014293,1.232916844862338,1,0.434656960052619,2.3091320008757883,0.900438338263953,-0.7840320202178469,-0.5210813619558788,-0.029531069336791813,-1.7589616403435726,0.34140443699694467,-1.3251607440537794,50.0
0.006642726691012818,-0.5787073303014293,1.232916844862338,0,0.434656960052619,-0.6693427768322127,0.82570131039049,-0.6581097795043407,-0.5210813619558788,-0.029531069336791813,-1.7589616403435726,0.6919754107290916,-0.13735320031248324,22.7
0.21273173281780203,-0.5787073303014293,1.232916844862338,0,0.434656960052619,-0.27634957699574064,0.8684081834610402,-0.7252360201308483,-0.5210813619558788,-0.029531069336791813,-1.7589616403435726,-1.9873132623889662,-0.3986137538036577,25.0
-0.06355222159907677,-0.5787073303014293,1.232916844862338,0,0.434656960052619,2.3091320008757883,0.9822931783158407,-0.8402611438595318,-0.5210813619558788,-0.029531069336791813,-1.7589616403435726,-0.6666187081938333,-1.2709099187386719,50.0
-0.12701701720390388,-0.5787073303014293,1.232916844862338,0,0.434656960052619,-0.6327482683454161,0.37727914314971384,-0.6562209458936381,-0.5210813619558788,-0.029531069336791813,-1.7589616403435726,-1.9873132623889662,-0.06597053542418421,23.8
0.02419070790631529,-0.5787073303014293,1.232916844862338,0,0.434656960052619,0.0705027208356396,0.9787342722266279,-0.8140596314649137,-0.5210813619558788,-0.029531069336791813,-1.7589616403435726,-1.9873132623889662,-0.21444647839184633,23.8
0.06927910278291903,-0.5787073303014293,1.232916844862338,0,0.434656960052619,0.2025611645053856,0.9467041174237156,-0.7353582310189724,-0.5210813619558788,-0.029531069336791813,-1.7589616403435726,-1.9873132623889662,-0.18303810584099467,22.3
-0.3062640217405043,-0.5787073303014293,1.232916844862338,0,0.434656960052619,-0.6359303995181808,0.9253506808884402,-0.6562209458936381,-0.5210813619558788,-0.029531069336791813,-1.7589616403435726,-1.9873132623889662,0.26096206976422526,17.4
0.028272336893334346,-0.5787073303014293,1.232916844862338,0,0.434656960052619,-0.6279750715862685,1.021441145297178,-0.6742375126418783,-0.5210813619558788,-0.029531069336791813,-1.7589616403435726,-1.7809711877598287,-0.08167472169961017,19.1
-0.6292508820555188,-0.5787073303014293,-1.035263329197233,0,-0.38677465147727635,-1.1180232721920715,0.7082574094464773,-0.5737903098573354,-0.5210813619558788,-0.6652576488810871,-0.8722085797705329,0.786197939705147,0.2980810555061407,23.1
-0.6435698412277574,-0.5787073303014293,-1.035263329197233,0,-0.38677465147727635,0.22483608271474068,0.5516655415211266,-0.5494776310734197,-0.5210813619558788,-0.6652576488810871,-0.8722085797705329,0.7125043416233157,-0.5085430577316384,23.6
-0.6457799677385062,-0.5787073303014293,-1.035263329197233,0,-0.38677465147727635,-0.6613874489003004,0.0035940037824002315,-0.5225496442131469,-0.5210813619558788,-0.6652576488810871,-0.8722085797705329,0.5930154361620598,-0.4228838598656794,22.6
-0.6511707414302506,-0.5787073303014293,-1.035263329197233,0,-0.38677465147727635,0.4316746089444627,-1.2633765639772536,-0.31409990420125067,-0.5210813619558788,-0.6652576488810871,-0.8722085797705329,0.47352653070080086,-1.038202431202817,29.4
-0.6500883538914707,-0.5787073303014293,-1.035263329197233,0,-0.38677465147727635,-0.40522588949272204,-0.7615708053982896,-0.10942783141075949,-0.5210813619558788,-0.6652576488810871,-0.8722085797705329,0.5930154361620598,-0.35578415487067844,23.2
-0.6549167698116702,-0.5787073303014293,-1.035263329197233,0,-0.38677465147727635,0.06413845849011039,0.17086258997538833,-0.22440452350839937,-0.5210813619558788,-0.6652576488810871,-0.8722085797705329,0.7177681700577335,-0.901147714617283,24.6
-0.6512372568655946,-0.5787073303014293,-1.035263329197233,0,-0.38677465147727635,0.931269203068561,0.20645165086751344,-0.41919654356598474,-0.5210813619558788,-0.6652576488810871,-0.8722085797705329,0.4898443988474925,-0.8112055568580262,29.9
-0.6538434525595282,-0.5787073303014293,-1.2674852530062943,0,-0.5770009194105155,1.1221970734344586,-0.3629733234064885,-0.46099304115665984,-0.751010213576097,-1.2772187488162499,-0.3121540151980877,0.786197939705147,-1.0796043768380306,37.2
-0.6514005220250754,-0.5787073303014293,-1.2674852530062943,0,-0.5770009194105155,2.3091320008757883,0.5231942928074266,-0.5036128764750774,-0.751010213576097,-1.2772187488162499,-0.3121540151980877,0.7156626386839657,-0.7198357458010035,39.8
-0.6504934933612934,-0.5787073303014293,-1.2674852530062943,0,-0.5770009194105155,-0.20793375678129383,-0.22773489201641298,-0.5729185404985494,-0.751010213576097,-1.2772187488162499,-0.3121540151980877,0.786197939705147,-0.4500092725232332,36.2
-0.6437965983937028,-0.5787073303014293,-1.2674852530062943,0,-0.5770009194105155,1.400633551051392,0.8399369347473402,-0.5231792554167145,-0.751010213576097,-1.2772187488162499,-0.3121540151980877,0.6398635092283668,-1.1110127493888822,37.9
-0.6410603952579604,-0.5787073303014293,-1.2674852530062943,0,-0.5770009194105155,0.458722723912964,0.9609397417805653,-0.45227534756880183,-0.751010213576097,-1.2772187488162499,-0.3121540151980877,0.786197939705147,-0.9882345657810079,32.5
-0.6462002243527253,-0.5787073303014293,-1.2674852530062943,0,-0.5770009194105155,-1.0671091734278322,0.7545231886062398,-0.3840351794282903,-0.751010213576097,-1.2772187488162499,-0.3121540151980877,0.4756320620745686,0.19671767136475624,26.4
-0.6530361970487623,-0.5787073303014293,-1.2674852530062943,0,-0.5770009194105155,-0.1936141665038524,0.00715290987161254,-0.24271168004290133,-0.751010213576097,-1.2772187488162499,-0.3121540151980877,0.2708691359757635,0.07822244765017981,29.6
-0.6543816229000389,-0.5787073303014293,-1.2674852530062943,0,-0.5770009194105155,2.3091320008757883,-0.533800815688689,-0.2816991430330447,-0.751010213576097,-1.2772187488162499,-0.3121540151980877,0.5614324655555589,-1.1638359214062233,50.0
-0.6475093690574506,2.023504749864108,-1.124354759086244,0,-1.017979995073933,0.8071660873307273,-0.9786640768402528,0.003756890338265206,-0.5210813619558788,-0.059237918848207484,-1.5256055717717203,0.6267039381423253,-0.8454692360044098,32.0
-0.6332871596093487,2.023504749864108,-1.124354759086244,0,-1.017979995073933,0.44758526480828714,-1.405732807545754,0.3806034114889541,-0.5210813619558788,-0.059237918848207484,-1.5256055717717203,0.046103661826172614,-1.1481317351307976,29.8
-0.6460127717622103,2.023504749864108,-1.124354759086244,0,-1.017979995073933,1.4483655186428654,-1.056960010802928,0.3806034114889541,-0.5210813619558788,-0.059237918848207484,-1.5256055717717203,0.786197939705147,-1.0296365114162214,34.9
-0.6439024184044775,2.023504749864108,-1.124354759086244,0,-1.017979995073933,1.0760561714293655,-1.6762096703259048,1.3071489449851412,-0.5210813619558788,-0.059237918848207484,-1.5256055717717203,-0.22550988538972236,-1.0710384570514349,37.0
-0.65042395449707,2.023504749864108,-1.124354759086244,0,-1.017979995073933,0.7387502671162804,-1.3452314040291415,1.3071489449851412,-0.5210813619558788,-0.059237918848207484,-1.5256055717717203,0.40772867527059337,-1.12957224225984,30.5
-0.6451238836717038,2.023504749864108,-1.124354759086244,0,-1.017979995073933,1.4372280595381886,-1.5053821780437044,1.3071489449851412,-0.5210813619558788,-0.059237918848207484,-1.5256055717717203,0.4487865370590444,-1.3894051424532485,36.4
-0.6647066325227574,2.023504749864108,-1.1988410365344333,0,-1.329259342601051,0.8358052678856115,-2.0890427766745563,1.1811298410095477,-0.9809390651963151,-0.8494401158518643,-1.3389207169142383,0.6003847959702423,-1.0810320301357965,31.1
-0.6669681573244538,2.023504749864108,-1.1988410365344333,0,-1.329259342601051,0.5239564129546461,-1.7723001347346428,1.1811298410095477,-0.9809390651963151,-0.8494401158518643,-1.3389207169142383,-0.277095404047006,-1.1738294944905852,29.1
-0.6671435161994518,2.023504749864108,-1.559588301822723,0,-1.1476797232102325,2.3091320008757883,-1.3025245309585913,0.9044883644881833,-0.636045787765988,-0.9088538148746956,-1.8989752814866834,0.6456537205062258,-1.3751286094755886,50.0
-0.6591918982469629,2.023504749864108,-1.4047736859500157,0,-1.3033193969737913,1.6106542084538786,-1.2277875030851286,1.7087440295991385,-0.865974639386206,-0.4691924421057437,-2.4590298460591304,0.786197939705147,-1.2166590934235648,33.3
-0.6572115523310387,2.023504749864108,-1.4047736859500157,0,-1.3033193969737913,1.324262402905033,-1.1388148508548157,1.7087440295991385,-0.865974639386206,-0.4691924421057437,-2.4590298460591304,-1.4556665905128823,-0.5699321495355756,30.3
-0.6599265914646263,2.023504749864108,-1.4047736859500157,0,-1.3033193969737913,1.5899703558309066,-1.0783134473382032,1.7087440295991385,-0.865974639386206,-0.4691924421057437,-2.4590298460591304,0.5387980032875672,-0.8540351557910056,34.6
-0.6617950705120172,2.023504749864108,-1.4120762621704264,0,-1.3119660455162112,1.114241745502545,-1.8968618478570807,1.8755425669134906,-0.751010213576097,-0.03547243923907495,-0.6855237249130517,0.786197939705147,-1.1481317351307976,34.9
-0.6659432149343801,2.023504749864108,-1.4120762621704264,0,-1.3119660455162112,1.3688122393237416,-1.9466865331060559,1.8755425669134906,-0.751010213576097,-0.03547243923907495,-0.6855237249130517,0.12295555696865691,-1.1638359214062233,32.9
-0.6609031589926315,2.023504749864108,-1.3302874085018264,0,-1.2082062630071722,-0.17929457622640954,-1.0747545412489907,1.2055393830555503,-0.865974639386206,-0.3563064139623642,-1.7589616403435726,0.6214401097079075,-0.7383952386719612,24.1
-0.6647368668115501,2.023504749864108,-1.3302874085018264,0,-1.2082062630071722,2.1245683928554198,-1.8826262235002305,1.2055393830555503,-0.865974639386206,-0.3563064139623642,-1.7589616403435726,0.7061877475020155,-1.355141463306865,42.3
-0.6607066361154788,2.023504749864108,-1.235353917636487,0,-1.19869494961051,2.3091320008757883,-1.2598176578880411,0.647606993432631,-0.636045787765988,-1.0930362818454726,-1.7589616403435726,0.5693282082071827,-1.2552057324632462,48.5
-0.665244802863268,2.023504749864108,-1.235353917636487,0,-1.19869494961051,2.3091320008757883,-1.3060834370478038,0.647606993432631,-0.636045787765988,-1.0930362818454726,-1.7589616403435726,0.4519448341196945,-1.3879774891554824,50.0
-0.630073254710681,-0.5787073303014293,-0.0800863595675102,0,-0.5683542708680955,-0.6104733501360611,-1.6477384216122049,0.07969768781471796,-0.636045787765988,-0.7781436770244666,0.061215694516876286,0.786197939705147,-0.24728250424046397,22.6
-0.6018737335536984,-0.5787073303014293,-0.0800863595675102,0,-0.5683542708680955,0.08164017994031643,-0.5729487826700266,0.27802521693849014,-0.636045787765988,-0.7781436770244666,0.061215694516876286,0.6793422224864913,-0.23300597126280395,24.4
-0.5951314871529189,-0.5787073303014293,-0.0800863595675102,0,-0.5683542708680955,-0.7823084334653682,0.14595024735090065,0.27802521693849014,-0.636045787765988,-0.7781436770244666,0.061215694516876286,0.39298995565422834,0.7792002168532761,22.5
-0.6302395432990411,-0.5787073303014293,-0.0800863595675102,1,-0.5683542708680955,-0.3352190036918922,-0.33806098078200086,0.22198981982098018,-0.636045787765988,-0.7781436770244666,0.061215694516876286,-0.033906530376958774,0.29379809561284287,24.4
-0.5395850517829087,-0.5787073303014293,-0.0800863595675102,1,-0.5683542708680955,-1.4807862258872764,1.117531609705916,0.04560181955998408,-0.636045787765988,-0.7781436770244666,0.061215694516876286,0.786197939705147,1.4973098256295645,20.0
-0.6185721312539253,-0.5787073303014293,-0.0800863595675102,1,-0.5683542708680955,-0.5006898246756701,0.8363780286581275,0.04661888381190086,-0.636045787765988,-0.7781436770244666,0.061215694516876286,0.5940682018489422,0.6664156063297638,21.7
-0.5577044610563939,-0.5787073303014293,-0.0800863595675102,1,-0.5683542708680955,-1.385322290704328,0.7118163155356896,-0.05610460563169395,-0.636045787765988,-0.7781436770244666,0.061215694516876286,0.698818387693833,1.6243709691307369,19.3
-0.6056530196527902,-0.5787073303014293,-0.0800863595675102,1,-0.5683542708680955,-0.7441228593921887,-0.5266830035102641,-0.062110127881107306,-0.636045787765988,-0.7781436770244666,0.061215694516876286,0.4724737650139185,0.48938659740678236,22.4
-0.628833648870179,-0.5787073303014293,-0.0800863595675102,0,-0.5683542708680955,0.15960239367305848,-1.2918478126909538,0.07969768781471796,-0.636045787765988,-0.7781436770244666,0.061215694516876286,0.2024393663283471,-0.46000284560759486,28.1
-0.5837754882823681,-0.5787073303014293,-0.0800863595675102,0,-0.5683542708680955,-1.3725937660132683,-2.092601682763769,-0.09363911969052757,-0.636045787765988,-0.7781436770244666,0.061215694516876286,-1.7388605602844953,2.419573855986388,23.7
-0.6114489328143572,-0.5787073303014293,-0.0800863595675102,0,-0.5683542708680955,-0.14747326449875925,-0.9323982976804902,0.07969768781471796,-0.636045787765988,-0.7781436770244666,0.061215694516876286,0.614070749899725,-0.44715396592770107,25.0
-0.6575320357922417,-0.5787073303014293,0.40188367097959776,1,-0.0409087097804779,-0.6152465468952086,-0.4483870695475887,-0.32388309367206924,-0.5210813619558788,-0.7840850469267497,-0.9655510071992751,0.570380973894068,0.12961796636975503,23.3
-0.6501155647513842,-0.5787073303014293,0.40188367097959776,0,-0.0409087097804779,0.5844169052371808,0.5872546024132517,-0.17422935374717147,-0.5210813619558788,-0.7840850469267497,-0.9655510071992751,0.5693282082071827,-0.41574559337684963,28.7
-0.6378525372170515,-0.5787073303014293,0.40188367097959776,1,-0.0409087097804779,-0.5150094149531129,0.8968794321747402,-0.43178876763733526,-0.5210813619558788,-0.7840850469267497,-0.9655510071992751,0.786197939705147,0.7592130706845528,21.5
-0.63677619653603,-0.5787073303014293,0.40188367097959776,1,-0.0409087097804779,0.15642026250029387,0.8470547469257653,-0.20222283649040468,-0.5210813619558788,-0.7840850469267497,-0.9655510071992751,0.6198609611775839,-0.30010567625780515,23.0
-0.5630529067438285,-0.5787073303014293,-0.7212525517195718,1,-0.41271459710453623,1.0760561714293655,0.7082574094464773,-0.4451558978053844,-0.1761880845255517,-0.5999025799559726,-0.49883887005557054,0.5124788611154842,-0.4128902867813175,26.7
-0.5480506526448741,-0.5787073303014293,-0.7212525517195718,1,-0.41271459710453623,-0.17611244505364496,0.8079067799444275,-0.3549277691710528,-0.1761880845255517,-0.5999025799559726,-0.49883887005557054,0.698818387693833,1.26460233809371,21.7
-0.48278994028575867,-0.5787073303014293,-0.7212525517195718,1,-0.41271459710453623,0.9614994492098269,0.3238955518115262,-0.24639248400221922,-0.1761880845255517,-0.5999025799559726,-0.49883887005557054,0.4435227086246266,-0.38148191423046607,27.5
-0.4854686982727948,-0.5787073303014293,-0.7212525517195718,0,-0.41271459710453623,0.5462313311640012,0.4342216405771138,-0.24639248400221922,-0.1761880845255517,-0.5999025799559726,-0.49883887005557054,0.786197939705147,-0.7141251326099396,30.1
-0.5759810886316015,-0.5787073303014293,-0.7212525517195718,0,-0.4386545427317961,2.3091320008757883,0.34524898834680107,-0.4293187544541087,-0.1761880845255517,-0.5999025799559726,-0.49883887005557054,0.16243427022678142,-1.208093173636969,44.8
-0.512005333546177,-0.5787073303014293,-0.7212525517195718,0,-0.4386545427317961,2.3091320008757883,0.5125175745397892,-0.4293187544541087,-0.1761880845255517,-0.5999025799559726,-0.49883887005557054,0.0018875029770744753,-1.138138162046436,50.0
-0.5557815602891761,-0.5787073303014293,-0.7212525517195718,0,-0.4386545427317961,2.3091320008757883,0.637079287662227,-0.27370792391084137,-0.1761880845255517,-0.5999025799559726,-0.49883887005557054,0.2850814727486874,-1.352286156711333,37.6
-0.5466387113582535,-0.5787073303014293,-0.7212525517195718,0,-0.4386545427317961,1.4133620757424519,0.40219148577420155,-0.27370792391084137,-0.1761880845255517,-0.5999025799559726,-0.49883887005557054,-0.5202842777170532,-0.8911541415329212,31.6
-0.5811632457306759,-0.5787073303014293,-0.7212525517195718,0,-0.4386545427317961,2.2454893774204874,-1.836360444340468,-0.19650790402725324,-0.1761880845255517,-0.5999025799559726,-0.49883887005557054,-0.2344583937282314,-1.2395015461878205,46.7
-0.5377498304531898,-0.5787073303014293,-0.7212525517195718,0,-0.4386545427317961,0.44122100246275653,-1.6797685764151176,-0.19650790402725324,-0.1761880845255517,-0.5999025799559726,-0.49883887005557054,-0.08549204903424243,-1.2623439989520762,31.5
-0.5089607406647488,-0.5787073303014293,-0.7212525517195718,0,-0.4386545427317961,-0.46727744736163823,-0.017759432752875136,-0.05295654961385632,-0.1761880845255517,-0.5999025799559726,-0.49883887005557054,-0.19024223487913028,-0.1359255470147173,24.3
-0.5313462080868888,-0.5787073303014293,-0.7212525517195718,0,-0.4386545427317961,1.8095374067516885,0.2954243030978262,-0.05295654961385632,-0.1761880845255517,-0.5999025799559726,-0.49883887005557054,-0.3065728432797391,-1.049623657584945,31.7
-0.4973840314860112,-0.5787073303014293,-0.7212525517195718,0,-0.41271459710453623,2.3091320008757883,0.16730368388617553,0.027875842598005924,-0.1761880845255517,-0.5999025799559726,-0.49883887005557054,0.20770319476276491,-1.4465112743638875,41.7
-0.5711012744204542,-0.5787073303014293,-0.7212525517195718,0,-0.41271459710453623,2.3091320008757883,0.06409540729901302,-0.06244914929841297,-0.1761880845255517,-0.5999025799559726,-0.49883887005557054,-0.15865926427263247,-1.2352185862945224,48.3
-0.5358964685501952,-0.5787073303014293,-0.7212525517195718,1,-0.41271459710453623,0.7180664144933083,-0.0747019301802751,-0.06244914929841297,-0.1761880845255517,-0.5999025799559726,-0.49883887005557054,-1.1456270957257453,-0.6498807342104703,29.0
-0.5714096641661401,-0.5787073303014293,-0.7212525517195718,0,-0.41271459710453623,-0.3002155607914773,-0.25264723464090066,-0.06244914929841297,-0.1761880845255517,-0.5999025799559726,-0.49883887005557054,-0.2744634898297971,-0.24585485094269777,24.0
-0.5139252108845157,-0.5787073303014293,-0.7212525517195718,1,-0.41271459710453623,0.5669151837869734,0.281188678740976,0.1778201723091654,-0.1761880845255517,-0.5999025799559726,-0.49883887005557054,0.34140443699694467,-0.4371603928433394,25.1
-0.5165707111538799,-0.5787073303014293,-0.7212525517195718,0,-0.41271459710453623,1.7236198650870342,0.10680228036956274,0.1778201723091654,-0.1761880845255517,-0.5999025799559726,-0.49883887005557054,0.42667845763449386,-1.123861629068776,31.5
-0.6463937238009987,1.9194162666574868,-0.9067379877180043,0,-1.0957998319557127,0.328255345829601,-1.7829768530022803,1.1667456465895816,-0.4061169361457698,-0.6414921692719545,-0.8722085797705329,-0.1344456534743142,-0.8911541415329212,23.7
-0.6433461074906911,1.9194162666574868,-0.9067379877180043,0,-1.0957998319557127,0.5271385441274108,-0.9395161098589151,1.1667456465895816,-0.4061169361457698,-0.6414921692719545,-0.8722085797705329,0.09558364910968854,-0.746961158458557,23.3
-0.6370664457084403,1.9194162666574868,-0.9067379877180043,0,-1.0957998319557127,0.9901386297647126,-0.5088884730642015,1.2375526911754073,-0.4061169361457698,-0.6414921692719545,-0.8722085797705329,0.4887916331606101,-0.1744721860543987,22.0
-0.6392342442148793,1.9194162666574868,-0.9067379877180043,0,-1.0957998319557127,-0.28589597051403587,-0.12452661542925046,1.2375526911754073,-0.4061169361457698,-0.6414921692719545,-0.8722085797705329,0.6661826514004499,-0.028851549682268742,20.1
-0.6402077883140054,1.9194162666574868,-0.9067379877180043,0,-1.0957998319557127,0.1325542787045558,-0.5587131583131766,1.5762835186947386,-0.4061169361457698,-0.6414921692719545,-0.8722085797705329,-0.48501662720646116,-0.19731463881865444,22.2
-0.632748989268838,1.9194162666574868,-0.9067379877180043,0,-1.0957998319557127,0.18824157422794277,-2.163779804548019,1.5762835186947386,-0.4061169361457698,-0.6414921692719545,-0.8722085797705329,-0.3818455898918969,-1.0581895773715408,23.7
-0.6090120491376628,1.253249974135109,-0.7709100700183648,0,-1.0698598863284527,-1.0846108948780397,0.281188678740976,2.0215639345101137,-0.29115251033566075,-0.46325107220346057,0.29457176308872857,-0.49870258113594385,-0.014575016704608985,17.6
-0.6134716067345911,1.253249974135109,-0.7709100700183648,0,-1.0698598863284527,-1.0655181078414493,0.05697759512058789,2.0215639345101137,-0.29115251033566075,-0.46325107220346057,0.29457176308872857,0.3771984703509779,0.8363063487639156,18.5
-0.5685736878773816,1.253249974135109,-0.7709100700183648,0,-1.0698598863284527,-0.2652121178910638,-1.1993162543714286,2.0702861553400322,-0.29115251033566075,-0.46325107220346057,0.29457176308872857,0.43246866891235286,-0.4914112181584465,24.3
-0.6118873300018518,1.253249974135109,-0.7709100700183648,0,-1.0698598863284527,-0.07746637869793084,0.37727914314971384,2.0702861553400322,-0.29115251033566075,-0.46325107220346057,0.29457176308872857,-0.3065728432797391,-0.3500735416796144,20.5
-0.6216167241353535,1.253249974135109,-0.7709100700183648,0,-1.0698598863284527,0.25188419768324194,-0.6939515897032519,1.9593777202500597,-0.29115251033566075,-0.46325107220346057,0.29457176308872857,-0.3818455898918969,-0.4400156994388713,24.5
-0.6136530124673475,1.253249974135109,-0.7709100700183648,0,-1.0698598863284527,0.7053378898022485,-1.8185659138944055,1.9593777202500597,-0.29115251033566075,-0.46325107220346057,0.29457176308872857,0.6198609611775839,-0.8626010755776016,26.2
-0.6289001643055231,1.253249974135109,-0.7709100700183648,0,-1.0698598863284527,0.3378017393478962,-1.9787166879089684,1.751218570024425,-0.29115251033566075,-0.46325107220346057,0.29457176308872857,0.7535622034117637,-0.9568261932301563,24.4
-0.6065902826053648,1.253249974135109,-0.7709100700183648,0,-1.0698598863284527,0.25983952561515417,-2.1246318375666813,1.751218570024425,-0.29115251033566075,-0.46325107220346057,0.29457176308872857,-0.2576192388396643,-1.2866141050140978,24.8
-0.646463262665222,1.253249974135109,-0.7709100700183648,0,-1.0698598863284527,1.0856025649476606,-2.199368865440144,2.482536198783634,-0.29115251033566075,-0.46325107220346057,0.29457176308872857,0.21717808594471216,-1.2951800248006937,29.6
-0.5597724864098169,1.253249974135109,-0.7709100700183648,0,-1.0698598863284527,2.3091320008757883,-2.1424263680127438,2.482536198783634,-0.29115251033566075,-0.46325107220346057,0.29457176308872857,0.786197939705147,-1.2937523715029275,42.8
-0.6567489677125099,2.023504749864108,-1.095144454204601,0,-1.4070791794828308,-0.2652121178910638,-1.3025245309585913,2.6344177937365396,-0.9809390651963151,-0.5523716207377075,-0.9655510071992751,0.5751184194850416,-0.8611734222798355,21.9
-0.6605917458180663,2.023504749864108,-1.095144454204601,0,-1.4070791794828308,-0.6343393339317978,-1.761623416467005,2.6344177937365396,-0.9809390651963151,-0.5523716207377075,-0.9655510071992751,0.6956600906331829,-0.47856233847855273,20.9
-0.6666688378654059,2.023504749864108,-1.0790787865196974,0,-1.389785882397991,1.8763621613797523,-1.224228596995916,1.2375526911754073,-0.751010213576097,-0.9742088837998101,-1.1989070757711267,0.23033765703075365,-1.355141463306865,44.0
-0.48642410179864526,1.0867084010045147,-1.0469474511498902,0,0.7978161988342574,2.3091320008757883,0.6513149120190773,-0.9588702082854459,-0.5210813619558788,-0.8553814857541474,-2.4590298460591304,0.40720229242715217,-1.0681831504559027,50.0
-0.4707113419130616,1.0867084010045147,-1.0469474511498902,0,0.7978161988342574,1.6838432254274731,1.117531609705916,-0.9135382016285836,-0.5210813619558788,-0.8553814857541474,-2.4590298460591304,0.0697908897810497,-0.686999719952386,36.0
-0.47278541412424313,1.0867084010045147,-1.0469474511498902,0,0.7978161988342574,0.9026300225136753,1.117531609705916,-0.8573090779868988,-0.5210813619558788,-0.8553814857541474,-2.4590298460591304,0.5245856665146433,-0.8140608634535581,30.1
-0.5080204542832949,1.0867084010045147,-1.0469474511498902,0,0.7978161988342574,1.477004699197751,0.4698107014692389,-0.8081994041086314,-0.5210813619558788,-0.8553814857541474,-2.4590298460591304,0.570380973894068,-0.4300221263545094,33.8
-0.5098314881819795,1.0867084010045147,-1.0469474511498902,0,0.7978161988342574,1.9813724900809955,0.74028756424939,-0.7947838423095385,-0.5210813619558788,-0.8553814857541474,-2.4590298460591304,0.3371933742494122,-0.762665344733983,43.1
-0.5140582417552038,1.0867084010045147,-1.0469474511498902,0,0.7978161988342574,2.3091320008757883,0.8150245921228526,-0.7227660069476218,-0.5210813619558788,-0.8553814857541474,-2.4590298460591304,0.257709564889722,-0.9553985399323903,48.8
-0.42180737979081495,1.0867084010045147,-1.0469474511498902,0,0.7978161988342574,1.6742968319091778,0.9217917747992279,-0.8243271372461688,-0.5210813619558788,-0.8553814857541474,-2.4590298460591304,0.6030167101874512,-0.19303167892535658,31.0
-0.5050091191195386,1.0867084010045147,-1.0469474511498902,0,0.7978161988342574,1.4817778959568986,0.8185834982120649,-0.8963449726080857,-0.5210813619558788,-0.8553814857541474,-2.4590298460591304,0.31192699776421157,-0.6427424677216406,36.5
-0.44104848117851064,1.0867084010045147,-1.0469474511498902,0,0.7978161988342574,-1.137116059228662,-0.2063814554811381,-0.8690295326994636,-0.5210813619558788,-0.8553814857541474,-2.4590298460591304,0.5493256601563998,-0.30724394274663513,22.8
-0.43376806443722044,1.0867084010045147,-1.0469474511498902,0,0.7978161988342574,1.1762933033714627,0.5694600719671892,-0.7981256248515509,-0.5210813619558788,-0.8553814857541474,-2.4590298460591304,0.11084875156949776,0.31235758848380046,30.7
-0.49646188567783284,1.0867084010045147,-1.0469474511498902,0,0.17525750378002017,2.3091320008757883,-0.05690739973421255,-0.6583035060285153,-0.5210813619558788,-0.8553814857541474,-2.4590298460591304,0.13558874521125722,-0.7369675853741952,50.0
-0.5079025405570031,1.0867084010045147,-1.0469474511498902,0,0.17525750378002017,1.9018192107618719,-0.5693898765808141,-0.4401674398078878,-0.5210813619558788,-0.8553814857541474,-2.4590298460591304,0.438785263033653,-1.348003196818035,43.5
-0.6439114886911153,1.0867084010045147,-0.6102533931693288,1,-0.7845204844285941,-0.5643324481309693,-0.25264723464090066,0.06618526275353796,-0.751010213576097,-1.0989776517477559,0.061215694516876286,0.49352907875158375,0.14960511253847886,20.7
-0.5808699731293864,1.0867084010045147,-0.6102533931693288,0,-0.7845204844285941,-0.666160645659448,-0.9430750159481277,0.3139130555418396,-0.751010213576097,-1.0989776517477559,0.061215694516876286,0.3519320938657773,0.05680764818369005,21.1
-0.6223060659198277,1.0867084010045147,-0.6102533931693288,0,-0.7845204844285941,-0.055191460488575775,-1.8612727869649557,0.3139130555418396,-0.751010213576097,-1.0989776517477559,0.061215694516876286,0.786197939705147,-0.8583181156843036,25.2
-0.6366703765252556,1.0867084010045147,-0.6102533931693288,0,-0.7845204844285941,0.41894608425340285,-0.35229660513885086,0.06618526275353796,-0.751010213576097,-1.0989776517477559,0.061215694516876286,0.6840796680774649,-0.6955656397389818,24.4
-0.604235031508411,1.0867084010045147,-0.6102533931693288,1,-0.7845204844285941,2.2534447053523996,-0.5978611252945143,0.28364328613955453,-0.751010213576097,-1.0989776517477559,0.061215694516876286,0.46352525667540945,-0.8597457689820696,35.2
-0.6542546388871094,2.023504749864108,-0.6905817315938468,1,-0.9315135096497335,0.7689805132575477,-1.2704943761556788,0.14372430405443173,-0.636045787765988,-0.9147951847769787,-0.40549644262682827,0.786197939705147,-1.2951800248006937,32.4
-0.6422818605251869,2.023504749864108,-0.6905817315938468,0,-0.9315135096497335,0.9217228095502658,-0.9181626733236402,0.23559910814424725,-0.636045787765988,-0.9147951847769787,-0.40549644262682827,0.786197939705147,-1.3737009561778226,32.0
-0.6396665945446154,2.023504749864108,-0.6905817315938468,1,-0.9315135096497335,1.5788328967262297,-0.6975104957924645,0.48739515794021626,-0.636045787765988,-0.9147951847769787,-0.40549644262682827,0.38351506447227807,-0.9354113937636666,33.2
-0.6527943227384204,2.023504749864108,-0.6905817315938468,1,-0.9315135096497335,0.8771729731315556,-1.4591163988839417,0.5240094710092201,-0.636045787765988,-0.9147951847769787,-0.40549644262682827,0.6045958587177748,-1.205237867041437,33.1
-0.6471979558828854,2.023504749864108,-0.6905817315938468,0,-0.9315135096497335,0.329846411415984,-1.2989656248693788,0.17409093671880396,-0.636045787765988,-0.9147951847769787,-0.40549644262682827,0.786197939705147,-0.7726589178183447,29.1
-0.6077119747195754,1.0867084010045147,-1.1404204267711475,0,-0.9669647686736552,0.8548980549222019,-1.295406718780166,0.15491201082551606,-0.5210813619558788,-1.1405672410637377,-1.665619212914831,0.786197939705147,-1.1067297894955843,35.1
-0.6605010429516882,1.0867084010045147,-1.1404204267711475,0,-0.9669647686736552,2.3091320008757883,-0.14588005196452533,0.4425958992248341,-0.5210813619558788,-1.1405672410637377,-1.665619212914831,0.2813967928445961,-1.2623439989520762,45.4
-0.6601170674840205,1.0867084010045147,-1.1404204267711475,0,-0.9669647686736552,1.1031042863978682,-1.1174614143195407,0.7089698699649433,-0.5210813619558788,-1.1405672410637377,-1.665619212914831,0.5403771518178938,-1.1438487752374997,35.4
-0.6527882758806618,1.0867084010045147,-1.1404204267711475,1,-0.9669647686736552,2.1802556883788053,-0.6725981531679768,0.693084294982624,-0.5210813619558788,-1.1405672410637377,-1.665619212914831,-0.2576192388396643,-1.3694179962845248,46.0
-0.6667807047339389,2.023504749864108,-1.4500496585165623,1,-1.329259342601051,2.3091320008757883,-1.5587657693818922,1.019077603537474,-0.9809390651963151,-1.2475118993048342,-2.2723449912016473,0.7135571073101981,-1.348003196818035,50.0
-0.6685796449171066,2.023504749864108,-1.1929989755581045,0,-1.3379059911434712,1.2940321567637658,-1.7011220129503926,1.7079206918713963,-0.9809390651963151,-0.7306127178062015,-1.478934358057349,0.6714464798348676,-0.6784338001657901,32.2
-0.6680051934300447,2.023504749864108,-1.2981560731320192,0,-1.4330191251100908,0.28370550941089223,-1.3060834370478038,1.7079206918713963,-0.9809390651963151,-0.6414921692719545,-1.478934358057349,0.6714464798348676,-0.6241829748506827,22.0
-0.6653778337339561,2.023504749864108,-1.3697213200920444,0,-1.4676057192797705,-0.07110211635240021,-1.3203190614046538,2.570923925438306,-0.9809390651963151,-0.9920329935066594,-0.12546916034060654,-1.9873132623889662,0.04681407509932815,20.1
-0.6596151782900611,2.023504749864108,-0.8497778931988006,0,-1.2946727484313714,-0.10451449366643353,-1.327436873583079,1.7127154233447182,-0.4061169361457698,-0.6830817585879365,-0.8722085797705329,0.786197939705147,-0.7797971843071747,23.2
-0.6574413329258635,2.023504749864108,-0.8497778931988006,0,-1.2946727484313714,0.06413845849011039,-0.8185133028256898,1.7127154233447182,-0.4061169361457698,-0.6830817585879365,-0.8722085797705329,0.786197939705147,-0.7141251326099396,22.3
-0.6583271975874906,2.023504749864108,-0.8497778931988006,0,-1.2946727484313714,0.46190485508573,-1.6263849850769299,1.7127154233447182,-0.4061169361457698,-0.6830817585879365,-0.8722085797705329,-0.5392340600809508,-0.44144335273663726,24.8
-0.660730823546513,2.023504749864108,-0.90381695722984,0,-1.242792857176852,0.9328602686549426,-1.4484396806163042,0.6469773822290632,-0.636045787765988,-0.968267513897527,0.34124297680309806,0.786197939705147,-1.3237330907560134,28.5
-0.6474761113397784,2.023504749864108,-0.90381695722984,0,-1.242792857176852,1.3894960919467139,-1.4555574927947292,0.6469773822290632,-0.636045787765988,-0.968267513897527,0.34124297680309806,0.786197939705147,-1.2908970649073956,37.3
-0.6603891760831551,2.023504749864108,-0.90381695722984,0,-1.242792857176852,0.5653241182005903,-1.6085904546308674,0.6469773822290632,-0.636045787765988,-0.968267513897527,0.34124297680309806,0.786197939705147,-1.128144588962074,27.9
-0.6463302317945339,-0.5787073303014293,0.4062652167118441,0,-1.017979995073933,-0.2349818717497965,-1.7865357590914928,0.8339234780575763,-0.636045787765988,-0.7068472381970691,-1.1522358620567563,0.786197939705147,-0.5742151094288734,23.9
-0.646529778100566,-0.5787073303014293,0.4062652167118441,0,-1.017979995073933,-0.4227276109429281,-0.9359572037697028,0.8339234780575763,-0.636045787765988,-0.7068472381970691,-1.1522358620567563,0.786197939705147,-0.3143822092354649,21.7
-0.6322198892149652,-0.5787073303014293,0.4062652167118441,0,-1.017979995073933,0.6416952663469493,-1.3345546857615038,1.0555950533443907,-0.636045787765988,-0.7068472381970691,-1.1522358620567563,0.786197939705147,-0.9040030212128151,28.6
-0.6550770115422717,-0.5787073303014293,0.4062652167118441,0,-1.017979995073933,0.4364478057036103,-0.6263323740082143,1.0555950533443907,-0.636045787765988,-0.7068472381970691,-1.1522358620567563,0.5730128881112769,-0.7441058518630251,27.1
-0.6286794539973362,-0.5787073303014293,0.4062652167118441,0,-1.017979995073933,-0.7711709743606914,-0.3772089477633385,1.2297551985773787,-0.636045787765988,-0.7068472381970691,-1.1522358620567563,0.786197939705147,0.46226118474922856,20.3
-0.6517693803483467,2.023504749864108,-1.2996165883761013,0,-1.3379059911434712,0.11187042608158372,-1.72603435557488,1.9600073314536266,-0.5210813619558788,-0.29689271493953284,-1.7122904266292014,-0.7224152895986494,-1.0895979499223925,22.5
-0.654505583484089,2.023504749864108,-1.2996165883761013,0,-1.3379059911434712,1.2192520742037898,-2.085483870585344,1.9600073314536266,-0.5210813619558788,-0.29689271493953284,-1.7122904266292014,-0.5466034198891362,-1.12243397577101,29.0
-0.6579643861219778,2.023504749864108,-1.2996165883761013,0,-1.3379059911434712,0.9487709245187684,-0.7544529932198647,1.9600073314536266,-0.5210813619558788,-0.29689271493953284,-1.7122904266292014,0.4682627022663861,-0.9325560871681345,24.8
-0.6606250035357384,2.023504749864108,-0.7373182194044755,0,-1.052566589243613,0.5016814947452911,-1.0035764194647405,0.828595998642774,-0.29115251033566075,-0.4691924421057437,-1.105564648342385,0.7256639127093572,-0.4428710060344032,22.0
-0.6433037794863813,2.023504749864108,-0.7373182194044755,0,-1.052566589243613,0.35053026403895604,-1.7865357590914928,0.828595998642774,-0.29115251033566075,-0.4691924421057437,-1.105564648342385,0.08663514077118248,-0.5613662297489797,26.4
-0.6410845826889946,2.023504749864108,-0.7373182194044755,0,-1.052566589243613,1.1253792046072233,-1.8114481017159803,0.828595998642774,-0.29115251033566075,-0.4691924421057437,-1.105564648342385,0.44562823999839435,-1.1053021361978181,33.1
-0.6546446612125357,2.023504749864108,-1.3083796798405942,0,-0.7153472960892349,1.529509863548372,-0.9786640768402528,0.11679631719415884,-0.29115251033566075,-1.104919021650039,-0.032126732911865956,0.6167026641169339,-0.8097779035602602,36.1
-0.6547535046521895,2.023504749864108,-1.3083796798405942,0,-0.7153472960892349,0.5430491999912352,-0.37365004167412597,-0.19897791721047975,-0.29115251033566075,-1.104919021650039,-0.032126732911865956,0.5998584131268011,-0.5242472440070641,28.4
-0.6486340846005403,2.023504749864108,-1.3083796798405942,0,-0.7153472960892349,1.8222659314427483,0.11747899863720068,-0.3301307740767008,-0.29115251033566075,-1.104919021650039,-0.032126732911865956,0.786197939705147,-0.8754499552574954,33.4
-0.656407320249152,2.023504749864108,-1.3083796798405942,0,-0.7153472960892349,0.9137674816183535,0.0605365012098002,-0.28969036215524785,-0.29115251033566075,-1.104919021650039,-0.032126732911865956,0.786197939705147,-0.7241187056943014,28.2
-0.5222698745913101,-0.5787073303014293,-0.18086191140917815,0,-0.09278860103499767,0.5732794461325025,0.49472304409372664,-0.22440452350839937,-0.636045787765988,-0.6177266896628221,-0.032126732911865956,0.786197939705147,-1.1509870417263295,22.8
-0.5656802664399171,-0.5787073303014293,-0.18086191140917815,0,-0.09278860103499767,-0.4815970376390797,0.2883064909194011,-0.32853253025226015,-0.636045787765988,-0.6177266896628221,-0.032126732911865956,0.751456672037999,-0.37577130103940204,20.3
0.12549976279300704,-0.5787073303014293,-0.18086191140917815,0,-0.09278860103499767,-2.0710715584351767,-1.0961079777842657,-0.6109373708678195,-0.636045787765988,-0.6177266896628221,-0.032126732911865956,-1.658850368081364,0.005412129464114826,16.1
-0.4323440294350826,-0.5787073303014293,-0.18086191140917815,0,-0.09278860103499767,-0.24293719968170874,-0.5622720644023892,-0.5523835289360393,-0.636045787765988,-0.6177266896628221,-0.032126732911865956,0.786197939705147,-0.9454049668480283,22.1
-0.5921987611400237,-0.5787073303014293,-0.18086191140917815,0,-0.09278860103499767,-0.4004526927335744,0.7758766251415151,-0.4585714596044771,-0.636045787765988,-0.6177266896628221,-0.032126732911865956,0.7546149690986491,-0.12593197393035538,19.4
-0.5898737443318625,-0.5787073303014293,-0.18086191140917815,0,-0.09278860103499767,-0.013823755242631651,0.5053997623613641,-0.2508966256892793,-0.636045787765988,-0.6177266896628221,-0.032126732911865956,0.6014375616571247,-0.67129553367696,21.6
-0.5596938772589558,-0.5787073303014293,-0.18086191140917815,0,-0.09278860103499767,0.4650869862584946,0.665550536375927,-0.08647123829606639,-0.636045787765988,-0.6177266896628221,-0.032126732911865956,0.7225056156487071,-0.4742793785852549,23.8
-0.594656808818873,-0.5787073303014293,-0.18086191140917815,0,-0.09278860103499767,-0.906411549203202,0.3238955518115262,0.07950396129054335,-0.636045787765988,-0.6177266896628221,-0.032126732911865956,0.7609315632199493,-0.15734034648120707,16.2
-0.575092200541095,-0.5787073303014293,-0.18086191140917815,0,-0.09278860103499767,-0.5738788416492645,0.5196353867182143,0.10546331552994324,-0.636045787765988,-0.6177266896628221,-0.032126732911865956,0.45984057677131823,0.8177468558929576,17.8
-0.5971783485041869,-0.5787073303014293,-0.18086191140917815,0,-0.09278860103499767,-0.7838994990517512,0.11036118645877556,0.12149418540539329,-0.636045787765988,-0.6177266896628221,-0.032126732911865956,0.786197939705147,0.4765377177268883,19.8
-0.5497709836771807,-0.5787073303014293,-0.18086191140917815,0,-0.09278860103499767,0.1707398527777353,-0.049789587555787426,-0.12027651676453836,-0.636045787765988,-0.6177266896628221,-0.032126732911865956,0.6972392391635065,-0.3200928224265289,23.1
-0.5275638985589178,-0.5787073303014293,-0.18086191140917815,0,-0.09278860103499767,-0.2572567899591502,-0.3487376990496385,0.10706155935438383,-0.636045787765988,-0.6177266896628221,-0.032126732911865956,0.7509302891945578,0.018261009144008633,21.0
-0.6206462034651067,-0.5787073303014293,-0.5489117529178787,0,-0.5337676766984157,0.24074673857856513,-0.5800665948484517,0.36786589252447255,-0.5210813619558788,-0.7187299780016353,0.5279278316605809,0.786197939705147,-0.7712312645205788,23.8
-0.6164164264630033,-0.5787073303014293,-0.5489117529178787,0,-0.5337676766984157,0.16119345925944148,-0.5088884730642015,0.36786589252447255,-0.5210813619558788,-0.7187299780016353,0.5279278316605809,0.786197939705147,-0.8183438233468562,23.1
-0.5651541898149235,-0.5787073303014293,-0.5489117529178787,0,-0.5337676766984157,-0.37181351217868874,-0.6654803409895519,0.45538184982035923,-0.5210813619558788,-0.7187299780016353,0.5279278316605809,0.786197939705147,-0.6998485996322797,20.4
-0.585477678741399,-0.5787073303014293,-0.5489117529178787,0,-0.5337676766984157,-0.9016383524440543,0.20289274477830063,0.45538184982035923,-0.5210813619558788,-0.7187299780016353,0.5279278316605809,0.48247503903930994,-0.12307666733482349,18.5
-0.5681927358385933,-0.5787073303014293,-0.5489117529178787,0,-0.5337676766984157,0.22324501712835768,-1.0142531377323778,0.45538184982035923,-0.5210813619558788,-0.7187299780016353,0.5279278316605809,0.786197939705147,-0.9254178206793047,25.0
-0.6133113650039895,-0.5787073303014293,-0.5489117529178787,0,-0.5337676766984157,0.24870206651047735,-1.9182152843923557,0.7918848223116826,-0.5210813619558788,-0.7187299780016353,0.5279278316605809,0.6167026641169339,-1.0738937636469668,24.6
-0.5795668752824197,-0.5787073303014293,-0.5489117529178787,0,-0.5337676766984157,0.05936526173096277,-1.4128506197241792,0.7918848223116826,-0.5210813619558788,-0.7187299780016353,0.5279278316605809,0.786197939705147,-0.9211348607860067,23.0
-0.5984451652046024,-0.5787073303014293,-0.5489117529178787,0,-0.5337676766984157,-0.30498875755062493,-0.8861325185207275,0.7918848223116826,-0.5210813619558788,-0.7187299780016353,0.5279278316605809,0.786197939705147,0.026826928930604337,22.2
-0.6513128425875764,-0.5787073303014293,-1.1535650639678867,0,-0.8191070785982739,-0.6470678586228575,-1.5231767084897672,0.6943919490208027,-0.636045787765988,0.1308859180248528,-0.7321949386274228,0.0250483480885074,-0.37577130103940204,19.3
-0.6509893356974942,-0.5787073303014293,-1.1535650639678867,0,-0.8191070785982739,0.09277763904499467,-1.8292426321620427,0.6943919490208027,-0.636045787765988,0.1308859180248528,-0.7321949386274228,-0.35552644771981384,-0.7512441183518551,22.6
-0.65758041065431,-0.5787073303014293,-1.1535650639678867,0,-0.8191070785982739,-0.20793375678129383,-1.295406718780166,1.0135563975984971,-0.636045787765988,0.1308859180248528,-0.7321949386274228,-0.7050446557650755,-0.5014047912428085,19.8
-0.6561321882211382,2.023504749864108,-0.741699765136722,0,-1.010198011385755,-0.904820483616819,-1.4306451501702417,1.385075439334384,-0.9809390651963151,-0.6177266896628221,-0.7321949386274228,0.634599680793949,-0.02456858978897089,17.1
-0.6608396669861667,2.023504749864108,-0.741699765136722,0,-1.010198011385755,-0.3877241680425146,-1.6121493607200799,1.385075439334384,-0.9809390651963151,-0.6177266896628221,-0.7321949386274228,-1.0377186128202043,-0.6812891067613219,19.4
-0.6559507824883818,-0.5787073303014293,-0.8687645913718685,0,-0.3435414087651765,0.06572952407649199,-1.085431259516628,1.2967845759417989,-0.5210813619558788,-1.0930362818454726,0.8079551139468026,0.40772867527059337,-0.9882345657810079,22.2
-0.6600172943310044,-0.5787073303014293,-0.8687645913718685,0,-0.3435414087651765,0.05618313055819676,-1.071195635159778,1.2967845759417989,-0.5210813619558788,-1.0930362818454726,0.8079551139468026,0.3914108071239018,-0.8354756629200479,20.7
-0.6593430696909264,-0.5787073303014293,-0.8687645913718685,0,-0.3435414087651765,-0.37817777452421936,-1.2135518787282786,1.067654529474261,-0.5210813619558788,-1.0930362818454726,0.8079551139468026,0.786197939705147,-0.6555913474015344,21.1
-0.6609575807124585,-0.5787073303014293,-0.8687645913718685,0,-0.3435414087651765,-0.645476793036476,-0.7936009602012024,0.7023831681430058,-0.5210813619558788,-1.0930362818454726,0.8079551139468026,0.786197939705147,-0.40004140710142366,19.5
-0.662124624259858,-0.5787073303014293,-0.8687645913718685,0,-0.3435414087651765,-0.6041090877905319,-0.3202664503359383,0.8883121997196023,-0.5210813619558788,-1.0930362818454726,0.8079551139468026,0.6761839254258413,-0.29153975647120917,18.5
-0.6613234156068506,-0.5787073303014293,-0.8687645913718685,0,-0.3435414087651765,-0.34317433162380445,-1.1139025082303284,0.49950306570113007,-0.5210813619558788,-1.0930362818454726,0.8079551139468026,0.7461928436035812,-0.5842086825132353,20.6
-0.6546990829323626,-0.5787073303014293,-0.8687645913718685,0,-0.3435414087651765,-0.4609131850161076,-0.8256311150041149,0.49950306570113007,-0.5210813619558788,-1.0930362818454726,0.8079551139468026,0.786197939705147,-0.40860732688801965,19.0
-0.6527217604453177,-0.5787073303014293,-0.8687645913718685,0,-0.3435414087651765,-0.4879612999846103,-0.35941441731727597,0.49950306570113007,-0.5210813619558788,-1.0930362818454726,0.8079551139468026,0.786197939705147,-0.4728517252874889,18.7
-0.6673853905097936,2.023504749864108,-1.4047736859500157,0,-0.9747467523618333,1.5374651914802842,-0.6868337775248271,1.5774458778397864,-0.9809390651963151,-0.7365540877084847,-1.3855919306286086,0.67249924552175,-1.0153599784385614,32.7
-0.6637663461413035,-0.5787073303014293,-1.3507346219189764,0,-0.31760146313791665,0.42212821542616746,-0.31670754424672576,1.204038002493197,-0.9809390651963151,0.08335495880658772,-1.1989070757711267,0.42088824635663485,-0.5642215363445116,16.5
-0.663630291841736,2.023504749864108,-1.074697240787451,0,-0.6115875135801954,0.6703344469018336,-0.4341514451907387,0.9450256396717236,-0.5210813619558788,-0.22559627611213523,-0.40549644262682827,0.786197939705147,-0.7740865711161108,23.9
-0.6621004368288238,2.023504749864108,-1.074697240787451,0,-0.6115875135801954,0.9535441212779147,-1.4413218684378792,1.3001747901148546,-0.5210813619558788,-0.22559627611213523,-0.40549644262682827,0.31613806051174703,-1.1409934686419678,31.2
-0.6619069373805503,-0.5787073303014293,-0.9856058108984401,0,-0.9747467523618333,-0.4147722830110159,-0.715305026238527,2.0499933019327403,-0.751010213576097,-0.3325409343532316,0.15455812194561688,0.19349085798983806,-0.2958227163645073,17.5
-0.6526885027276458,-0.5787073303014293,-0.9856058108984401,0,-0.9747467523618333,-0.5993358910313842,-0.5800665948484517,2.0499933019327403,-0.751010213576097,-0.3325409343532316,0.15455812194561688,-0.9134922617679718,0.009695089357412678,17.2
-0.6656650594774871,2.023504749864108,-1.0206581767564116,0,-1.0871531834132928,0.38394264135298795,-1.4555574927947292,2.3026611210874943,-0.636045787765988,-0.33848230425551473,-0.2654828014837182,0.5509048086867264,-0.8911541415329212,23.1
-0.6667807047339389,2.023504749864108,-1.3332084389899908,0,-1.035273292158773,0.5732794461325025,-1.384379371010479,2.2100114109009796,-0.636045787765988,-0.7603195673176173,-0.6855237249130517,0.4724737650139185,-0.9439773135502624,24.5
-0.6625539511607148,2.023504749864108,-1.4442075975402338,0,-1.0871531834132928,1.0569633843927764,-1.2135518787282786,2.427033549607603,-0.9809390651963151,-0.4335442226920449,0.5745990453749503,0.4150980350787789,-0.9582538465279223,26.6
-0.6525403547125613,2.023504749864108,-1.4442075975402338,0,-1.0871531834132928,0.3425749361070438,-0.86122017589624,2.427033549607603,-0.9809390651963151,-0.4335442226920449,0.5745990453749503,0.786197939705147,-0.9454049668480283,22.9
-0.647282611891505,2.023504749864108,-1.3799449268006194,0,-1.242792857176852,0.48417977329508366,-1.1637271934793034,2.89669929165346,-0.636045787765988,0.017999889881473254,-0.07879794662623542,-0.5887140473644696,-1.0153599784385614,24.1
-0.6494171526802721,2.023504749864108,-1.3799449268006194,0,-1.242792857176852,-0.6216108092407379,-1.7829768530022803,2.89669929165346,-0.636045787765988,0.017999889881473254,-0.07879794662623542,0.5456409802523086,-0.686999719952386,18.6
-0.66615183152705,2.023504749864108,-1.3317479237459087,0,-1.251439505719272,0.721248545666073,-1.1566093813008784,2.89669929165346,-0.5210813619558788,-1.3128669682299487,-0.6855237249130517,0.1313776824637218,-1.1566976549173935,30.1
-0.6583151038719735,2.023504749864108,-1.347813591430812,0,-1.225499560092012,-0.9732363038312658,-1.6619740459690548,2.89669929165346,-0.636045787765988,-0.439485592594328,1.6480369608054712,0.043998130452407885,-0.6498807342104703,18.2
-0.6390921430575535,2.023504749864108,-1.347813591430812,0,-1.225499560092012,-0.5388753987488496,-1.747387792110155,2.89669929165346,-0.636045787765988,-0.439485592594328,1.6480369608054712,-0.3118366717141539,-1.0039387520564336,20.6
2.0446151970540134,-0.5787073303014293,1.016760588738181,1,1.8613539695519117,-0.09974129690728592,1.0250000513863908,-0.8033078093732221,1.6632427284361933,1.5330492149636723,0.8079551139468026,-0.22287797117251346,0.7135281651560414,17.8
0.4926105441721369,-0.5787073303014293,1.016760588738181,1,1.8613539695519117,0.19142370540070736,0.79723006167679,-0.6178146624760188,1.6632427284361933,1.5330492149636723,0.8079551139468026,0.49352907875158375,0.09535428722337147,21.7
0.90139929265205,-0.5787073303014293,1.016760588738181,1,1.8613539695519117,-0.2349818717497965,0.5267531988966394,-0.5124758649560665,1.6632427284361933,1.5330492149636723,0.8079551139468026,0.7088196617192244,-0.16019565307673897,22.7
0.6170579002719077,-0.5787073303014293,1.016760588738181,0,1.8613539695519117,-0.2588478555455332,0.45201617102317637,-0.6159258288653161,1.6632427284361933,1.5330492149636723,0.8079551139468026,0.4619461081450859,0.009695089357412678,22.6
0.7018983380531975,-0.5787073303014293,1.016760588738181,0,1.8613539695519117,0.19619690215985497,0.6904628790004147,-0.6115185504403433,1.6632427284361933,1.5330492149636723,0.8079551139468026,-0.38974133254352056,-0.686999719952386,25.0
0.4887224146333914,-0.5787073303014293,1.016760588738181,0,1.8613539695519117,-0.037689739038368315,0.8007889677660023,-0.7193757927745658,1.6632427284361933,1.5330492149636723,0.8079551139468026,-1.6483227112125314,0.2266983906178417,19.9
0.4407647857503574,-0.5787073303014293,1.016760588738181,0,1.8613539695519117,-1.452147045332392,0.9822931783158407,-0.8123160927473421,1.6632427284361933,1.5330492149636723,0.8079551139468026,-0.06180482107936532,-0.3443629284885506,20.8
0.6052907150737757,-0.5787073303014293,1.016760588738181,1,1.8613539695519117,-0.7504871217377193,0.7260519398925398,-0.9086466068931743,1.6632427284361933,1.5330492149636723,0.8079551139468026,-1.5225172116299723,0.29094278901731097,16.8
0.3791049771864564,-0.5787073303014293,1.016760588738181,1,1.4117282453460736,2.3091320008757883,0.5089586684505768,-0.9086466068931743,1.6632427284361933,1.5330492149636723,0.8079551139468026,-1.443033402270282,-1.043913044393881,21.9
0.7061160213397837,-0.5787073303014293,1.016760588738181,0,1.4117282453460736,-2.3749650854342326,0.6869039729112024,-1.0498248113854323,1.6632427284361933,1.5330492149636723,0.8079551139468026,-1.4351376596186582,-0.7826524909027066,27.5
0.4464276680412364,-0.5787073303014293,1.016760588738181,0,1.4117282453460736,-2.086982214299001,0.8114656860336402,-0.9824564126037064,1.6632427284361933,1.5330492149636723,0.8079551139468026,-1.9873132623889662,0.19957297796028814,21.9
2.0700142672115693,-0.5787073303014293,1.016760588738181,0,0.659469822155538,-2.3749650854342326,1.117531609705916,-1.0995156648362236,1.6632427284361933,1.5330492149636723,0.8079551139468026,-1.9873132623889662,0.10392020700996743,23.1
0.8096231090217073,-0.5787073303014293,1.016760588738181,0,0.659469822155538,-2.075844755194324,1.117531609705916,-1.1857723997249752,1.6632427284361933,1.5330492149636723,0.8079551139468026,-0.3392085795731223,-1.3337266638403753,50.0
1.042959256208508,-0.5787073303014293,1.016760588738181,1,0.659469822155538,0.6496505942788615,1.0036466148511156,-1.1740519450124103,1.6632427284361933,1.5330492149636723,0.8079551139468026,-0.3492098535985137,-1.266626958845374,50.0
1.305628710382019,-0.5787073303014293,1.016760588738181,1,0.659469822155538,1.179475434544227,1.0285589574756033,-1.248781951712772,1.6632427284361933,1.5330492149636723,0.8079551139468026,0.5309022606359435,-1.3765562627733547,50.0
2.0700142672115693,-0.5787073303014293,1.016760588738181,0,0.659469822155538,-0.09337703456175529,1.117531609705916,-1.2649096848503096,1.6632427284361933,1.5330492149636723,0.8079551139468026,-0.8324293038779581,-0.43858804614110536,50.0
1.82822536873554,-0.5787073303014293,1.016760588738181,1,0.9793958182250766,-0.6359303995181808,0.7474053764278147,-1.2840401791125537,1.6632427284361933,1.5330492149636723,0.8079551139468026,-1.7941307588458701,-0.5313855104958939,50.0
2.0700142672115693,-0.5787073303014293,1.016760588738181,0,0.9793958182250766,-2.1776729527228027,1.117531609705916,-1.262439671667083,1.6632427284361933,1.5330492149636723,0.8079551139468026,0.786197939705147,2.757927687556927,13.8
2.0700142672115693,-0.5787073303014293,1.016760588738181,0,0.9793958182250766,-2.3749650854342326,1.117531609705916,-1.280456238415323,1.6632427284361933,1.5330492149636723,0.8079551139468026,0.786197939705147,2.757927687556927,13.8
2.0700142672115693,-0.5787073303014293,1.016760588738181,0,1.0053357638523364,1.6520219136998229,1.0427945818324535,-1.1936183239540474,1.6632427284361933,1.5330492149636723,0.8079551139468026,0.786197939705147,0.11962439328539314,15.0
2.0700142672115693,-0.5787073303014293,1.016760588738181,0,1.0053357638523364,0.5955543643418576,0.8790849017286777,-1.1797668774755619,1.6632427284361933,1.5330492149636723,0.8079551139468026,-0.9971871338751974,1.5187246250960542,13.9
2.0700142672115693,-0.5787073303014293,1.016760588738181,0,1.0053357638523364,0.8262588743673163,1.0748247366353658,-1.1734223338088428,1.6632427284361933,1.5330492149636723,0.8079551139468026,0.786197939705147,1.2331939655428579,13.3
2.0700142672115693,-0.5787073303014293,1.016760588738181,0,1.0053357638523364,0.1675577216049707,0.9822931783158407,-1.1598130454855753,1.6632427284361933,1.5330492149636723,0.8079551139468026,0.786197939705147,1.5829690234955236,13.1
2.0700142672115693,-0.5787073303014293,1.016760588738181,0,1.0053357638523364,-0.08223957545707845,1.117531609705916,-1.1598130454855753,1.6632427284361933,1.5330492149636723,0.8079551139468026,0.6198609611775839,1.3102872436222213,10.2
2.0700142672115693,-0.5787073303014293,1.016760588738181,0,1.0053357638523364,1.1031042863978682,0.8292602164797028,-1.1450898296483039,1.6632427284361933,1.5330492149636723,0.8079551139468026,0.786197939705147,0.6578496865431681,10.4
2.0700142672115693,-0.5787073303014293,1.016760588738181,0,1.0053357638523364,0.4300835433580797,1.085501454903003,-1.095350544566469,1.6632427284361933,1.5330492149636723,0.8079551139468026,0.786197939705147,1.2103515127786022,10.9
2.0700142672115693,-0.5787073303014293,1.016760588738181,0,1.2560885715825143,-1.1753016333018416,1.117531609705916,-1.0657103863677515,1.6632427284361933,1.5330492149636723,0.8079551139468026,0.786197939705147,1.5701201438156298,11.3
1.7451506134197456,-0.5787073303014293,1.016760588738181,0,1.2560885715825143,-1.2007586826839614,1.117531609705916,-1.088618547851401,1.6632427284361933,1.5330492149636723,0.8079551139468026,0.786197939705147,1.7071748604011636,12.3
2.0700142672115693,-0.5787073303014293,1.016760588738181,0,1.2560885715825143,-2.3749650854342326,0.8043478738552151,-1.1339505545082629,1.6632427284361933,1.5330492149636723,0.8079551139468026,-1.9873132623889662,2.5737604121451136,8.8
2.0700142672115693,-0.5787073303014293,1.016760588738181,0,1.2560885715825143,-1.5873876201749026,1.049912394010878,-1.140440393068113,1.6632427284361933,1.5330492149636723,0.8079551139468026,0.786197939705147,2.599458171504901,7.2
2.0700142672115693,-0.5787073303014293,1.016760588738181,0,1.2560885715825143,-2.3749650854342326,1.117531609705916,-1.1205349927091703,1.6632427284361933,1.5330492149636723,0.8079551139468026,0.786197939705147,2.238261887170109,10.5
2.0700142672115693,-0.5787073303014293,1.016760588738181,0,1.2560885715825143,-2.0281127876028493,0.7438464703386024,-1.0957379976148183,1.6632427284361933,1.5330492149636723,0.8079551139468026,0.786197939705147,2.757927687556927,7.4
2.0700142672115693,-0.5787073303014293,1.016760588738181,0,1.2560885715825143,-2.2190406579687467,1.117531609705916,-1.0613031079427788,1.6632427284361933,1.5330492149636723,0.8079551139468026,-0.4760681188679521,2.572332758847348,10.2
1.7933017417510533,-0.5787073303014293,1.016760588738181,0,1.2560885715825143,-1.4075972089136832,1.0783836427245785,-0.9941768673162712,1.6632427284361933,1.5330492149636723,0.8079551139468026,0.786197939705147,1.177515486929985,11.5
1.4336376657015737,-0.5787073303014293,1.016760588738181,0,1.2560885715825143,-0.8936830245121421,1.0107644270295406,-0.8980885113256573,1.6632427284361933,1.5330492149636723,0.8079551139468026,0.6561813773750584,0.643573153565508,15.1
0.9289971514620573,-0.5787073303014293,1.016760588738181,0,1.2560885715825143,-0.3559028563148643,0.49472304409372664,-0.7812229856173147,1.6632427284361933,1.5330492149636723,0.8079551139468026,-0.18866308634880674,0.8791359476968952,23.2
2.0700142672115693,-0.5787073303014293,1.016760588738181,0,1.2560885715825143,-1.9708344264930808,1.0107644270295406,-0.9738840139089793,1.6632427284361933,1.5330492149636723,0.8079551139468026,0.786197939705147,1.8670720297509535,9.7
1.9423628323569884,-0.5787073303014293,1.016760588738181,0,1.1955620317855746,-0.1299715430485532,0.85417255910419,-0.9636165081277241,1.6632427284361933,1.5330492149636723,0.8079551139468026,0.786197939705147,0.36660841379890785,13.8
2.0700142672115693,-0.5787073303014293,1.016760588738181,0,1.1955620317855746,-0.6168376124815916,0.928909586977653,-0.9680237865526968,1.6632427284361933,1.5330492149636723,0.8079551139468026,0.786197939705147,0.5350715029352938,12.7
1.964128496858877,-0.5787073303014293,1.016760588738181,0,1.1955620317855746,0.3123446899657765,1.0748247366353658,-0.9953392264613188,1.6632427284361933,1.5330492149636723,0.8079551139468026,0.5272175807318522,0.6450008068632742,13.1
1.1040536835719847,-0.5787073303014293,1.016760588738181,0,1.1955620317855746,0.20733436126453322,0.9751753661374155,-1.0190222940416669,1.6632427284361933,1.5330492149636723,0.8079551139468026,0.786197939705147,0.9662227988606199,12.5
1.6482618115545515,-0.5787073303014293,1.016760588738181,0,1.1955620317855746,-0.8395867945751382,1.0783836427245785,-1.0400416219146136,1.6632427284361933,1.5330492149636723,0.8079551139468026,0.5861724591973184,1.044743730237749,8.5
2.0700142672115693,-0.5787073303014293,1.016760588738181,0,1.1955620317855746,-1.307360076971586,1.117531609705916,-1.1096863073553913,1.6632427284361933,1.5330492149636723,0.8079551139468026,0.786197939705147,2.56804979895405,5.0
2.0700142672115693,-0.5787073303014293,1.016760588738181,0,1.1955620317855746,-0.6725249080049772,0.3274544579007385,-1.1044556912026764,1.6632427284361933,1.5330492149636723,0.8079551139468026,-1.9873132623889662,2.4795352944925595,6.3
2.0700142672115693,-0.5787073303014293,1.016760588738181,0,1.1955620317855746,-0.457731053843343,1.117531609705916,-1.0616421293600844,1.6632427284361933,1.5330492149636723,0.8079551139468026,0.786197939705147,2.0226862392074456,5.6
2.0700142672115693,-0.5787073303014293,1.016760588738181,0,1.1955620317855746,0.10868829490881912,1.117531609705916,-1.0687615791235017,1.6632427284361933,1.5330492149636723,0.8079551139468026,0.786197939705147,1.101849862148388,7.2
2.0700142672115693,-0.5787073303014293,1.016760588738181,0,1.1955620317855746,0.20574329567815022,1.117531609705916,-1.037329450576169,1.6632427284361933,1.5330492149636723,0.8079551139468026,-0.30815199181006264,1.1004222088506217,12.1
2.0700142672115693,-0.5787073303014293,1.016760588738181,0,1.1955620317855746,-1.4728308979553641,0.9751753661374155,-1.0064300699703161,1.6632427284361933,1.5330492149636723,0.8079551139468026,0.786197939705147,1.023328930771259,8.3
2.0700142672115693,-0.5787073303014293,1.016760588738181,0,1.1955620317855746,-1.1832569612337538,0.5979313206808896,-1.0526338459859643,1.6632427284361933,1.5330492149636723,0.8079551139468026,-1.9873132623889662,2.1097730903711702,8.5
2.0700142672115693,-0.5787073303014293,1.016760588738181,0,1.1955620317855746,-0.9414149921036169,1.117531609705916,-1.1407794144854184,1.6632427284361933,1.5330492149636723,0.8079551139468026,0.15822320747924898,1.4816056393541388,5.0
2.0700142672115693,-0.5787073303014293,1.016760588738181,0,0.9015759813432969,-2.3749650854342326,1.117531609705916,-1.2605508380563804,1.6632427284361933,1.5330492149636723,0.8079551139468026,-0.6181914865971997,1.5330011580737142,11.9
2.0700142672115693,-0.5787073303014293,1.016760588738181,0,0.9015759813432969,-1.060744911082303,1.117531609705916,-1.2086805612086244,1.6632427284361933,1.5330492149636723,0.8079551139468026,-1.9873132623889662,-0.06739818872195016,27.9
1.567194613014595,-0.5787073303014293,1.016760588738181,0,0.3654837717132593,-1.0464253208048602,1.0427945818324535,-1.126588946589627,1.6632427284361933,1.5330492149636723,0.8079551139468026,-1.9873132623889662,1.969863067190104,17.2
2.0700142672115693,-0.5787073303014293,1.016760588738181,0,0.3654837717132593,0.9185406783775012,1.117531609705916,-1.1213583304369124,1.6632427284361933,1.5330492149636723,0.8079551139468026,-1.9873132623889662,1.0247565840690251,27.5
2.0700142672115693,-0.5787073303014293,1.016760588738181,0,0.3654837717132593,-0.8236761387113137,1.117531609705916,-1.146784936734832,1.6632427284361933,1.5330492149636723,0.8079551139468026,-1.9873132623889662,-0.35578415487067844,15.0
2.0700142672115693,-0.5787073303014293,1.016760588738181,0,0.3654837717132593,0.6082828890329174,1.117531609705916,-1.0913307191898454,1.6632427284361933,1.5330492149636723,0.8079551139468026,-1.9873132623889662,1.230338658947326,17.2
2.0700142672115693,-0.5787073303014293,1.016760588738181,0,0.3654837717132593,-2.3749650854342326,1.117531609705916,-1.0785447685943204,1.6632427284361933,1.5330492149636723,0.8079551139468026,-1.9873132623889662,2.757927687556927,17.9
2.0700142672115693,-0.5787073303014293,1.016760588738181,0,0.3654837717132593,-1.7814976217135647,1.117531609705916,-1.0613515395738224,1.6632427284361933,1.5330492149636723,0.8079551139468026,-1.9873132623889662,1.0675861830020041,16.3
2.0700142672115693,-0.5787073303014293,1.016760588738181,0,1.1955620317855746,-2.3749650854342326,1.117531609705916,-1.028030577415787,1.6632427284361933,1.5330492149636723,0.8079551139468026,-1.9873132623889662,2.757927687556927,7.0
2.0700142672115693,-0.5787073303014293,1.016760588738181,0,1.0745089521916962,0.25347526326962494,1.117531609705916,-0.9425487486237337,1.6632427284361933,1.5330492149636723,0.8079551139468026,-1.9873132623889662,2.348191191098089,7.2
2.0700142672115693,-0.5787073303014293,1.016760588738181,0,1.0745089521916962,0.8071660873307273,0.7901122494983649,-0.9499103565423694,1.6632427284361933,1.5330492149636723,0.8079551139468026,-1.9873132623889662,1.8827762160263792,7.5
2.0700142672115693,-0.5787073303014293,1.016760588738181,0,1.0745089521916962,-1.5444288493425755,0.7296108459817521,-1.033212761937458,1.6632427284361933,1.5330492149636723,0.8079551139468026,-1.9873132623889662,2.004126746336488,10.4
2.0700142672115693,-0.5787073303014293,1.016760588738181,0,1.0745089521916962,-0.5054630214348177,1.117531609705916,-0.9580953021887473,1.6632427284361933,1.5330492149636723,0.8079551139468026,-1.9873132623889662,1.1446794610813675,8.8
2.0700142672115693,-0.5787073303014293,1.016760588738181,0,1.4117282453460736,0.8739908419587911,0.281188678740976,-0.9622604224585017,1.6632427284361933,1.5330492149636723,0.8079551139468026,-1.9873132623889662,1.447341960207755,8.4
2.0700142672115693,-0.5787073303014293,1.016760588738181,0,1.4117282453460736,0.21688075478282703,1.117531609705916,-0.9308282939111688,1.6632427284361933,1.5330492149636723,0.8079551139468026,-1.9873132623889662,0.3451936143324181,16.7
1.451911269847902,-0.5787073303014293,1.016760588738181,0,1.4117282453460736,-0.4275008077020757,0.9502630235129279,-0.9232245278373148,1.6632427284361933,1.5330492149636723,0.8079551139468026,-1.9873132623889662,0.44227403858050474,14.2
2.0700142672115693,-0.5787073303014293,1.016760588738181,0,0.5124767969343986,-0.9971022876270038,0.6762272546435645,-0.8861258984578742,1.6632427284361933,1.5330492149636723,0.8079551139468026,-1.9873132623889662,0.21384951093794788,20.8
1.4603254724189196,-0.5787073303014293,1.016760588738181,0,0.5124767969343986,-0.27316744582297603,0.5872546024132517,-0.851933166941053,1.6632427284361933,1.5330492149636723,0.8079551139468026,-1.9873132623889662,1.5258628915848842,13.4
1.9869160803219608,-0.5787073303014293,1.016760588738181,0,0.2530773406617998,-1.1291607312967484,0.07121321947743763,-0.8317371767958484,1.6632427284361933,1.5330492149636723,0.8079551139468026,-1.9873132623889662,0.650711420054338,11.7
2.0700142672115693,-0.5787073303014293,1.016760588738181,0,1.0745089521916962,-0.6025180222041489,0.9538219296021407,-0.9062734569720352,1.6632427284361933,1.5330492149636723,0.8079551139468026,-1.9873132623889662,1.6829047543391422,8.3
2.0700142672115693,-0.5787073303014293,1.016760588738181,0,0.2530773406617998,-0.6963908918007153,-0.31670754424672576,-0.8636536216536177,1.6632427284361933,1.5330492149636723,0.8079551139468026,-1.9873132623889662,0.4408463852827388,10.2
2.0700142672115693,-0.5787073303014293,1.016760588738181,0,1.0745089521916962,-0.11565195277111036,0.3594846127036513,-0.9288910286694226,1.6632427284361933,1.5330492149636723,0.8079551139468026,-1.9873132623889662,0.27381094944411905,10.9
1.5560744415966277,-0.5787073303014293,1.016760588738181,0,1.0745089521916962,-0.1299715430485532,0.33813117616837596,-0.8936812329006846,1.6632427284361933,1.5330492149636723,0.8079551139468026,-1.9873132623889662,1.2731682578803056,11.0
2.0700142672115693,-0.5787073303014293,1.016760588738181,0,1.0745089521916962,0.1675577216049707,0.9609397417805653,-0.8778925211804527,1.6632427284361933,1.5330492149636723,0.8079551139468026,-1.9873132623889662,1.6386475021083964,9.5
1.896216237372639,-0.5787073303014293,1.016760588738181,0,0.2530773406617998,0.11664362284073135,0.6228436633053768,-0.836967792948563,1.6632427284361933,1.5330492149636723,0.8079551139468026,-1.9873132623889662,0.7192387783471051,14.5
2.0700142672115693,-0.5787073303014293,1.016760588738181,0,0.2530773406617998,0.8883104322362338,0.9146739626208028,-0.8197745639280651,1.6632427284361933,1.5330492149636723,0.8079551139468026,-1.9873132623889662,1.0119077043891314,14.1
1.2769938154664209,-0.5787073303014293,1.016760588738181,0,0.2530773406617998,0.2391556729921821,0.22068727522436318,-0.7654342738970829,1.6632427284361933,1.5330492149636723,0.8079551139468026,-1.9873132623889662,-0.08167472169961017,16.1
1.0160779500428887,-0.5787073303014293,1.016760588738181,0,1.368495002633974,0.25665739444238955,0.6869039729112024,-0.7095441716727037,1.6632427284361933,1.5330492149636723,0.8079551139468026,-1.9873132623889662,0.5165120100643357,14.3
2.0700142672115693,-0.5787073303014293,1.016760588738181,0,1.368495002633974,-0.10610555925281513,0.9395863052452904,-0.7548761783295659,1.6632427284361933,1.5330492149636723,0.8079551139468026,-1.9873132623889662,0.36660841379890785,11.7
2.0700142672115693,-0.5787073303014293,1.016760588738181,0,1.6019545132793127,0.5637330526142073,0.9253506808884402,-0.8020970185971308,1.6632427284361933,1.5330492149636723,0.8079551139468026,-1.9873132623889662,1.5230075849893523,13.4
2.0700142672115693,-0.5787073303014293,1.016760588738181,0,1.6019545132793127,0.29643403410195207,0.8790849017286777,-0.8612320401014348,1.6632427284361933,1.5330492149636723,0.8079551139468026,-1.9873132623889662,0.7777725635555104,9.6
2.0700142672115693,-0.5787073303014293,1.016760588738181,0,1.6019545132793127,-0.195205232090234,1.117531609705916,-0.904045601944027,1.6632427284361933,1.5330492149636723,0.8079551139468026,-1.9873132623889662,1.977001333678934,8.7
2.0700142672115693,-0.5787073303014293,1.016760588738181,0,1.6019545132793127,-0.5404664643352326,0.6869039729112024,-0.9493776086008892,1.6632427284361933,1.5330492149636723,0.8079551139468026,-1.9873132623889662,2.757927687556927,8.4
2.0700142672115693,-0.5787073303014293,1.016760588738181,0,1.6019545132793127,-1.0305146649410357,0.900438338263953,-0.9510242840563735,1.6632427284361933,1.5330492149636723,0.8079551139468026,0.786197939705147,1.4673291063764788,12.8
2.0700142672115693,-0.5787073303014293,1.016760588738181,0,1.6019545132793127,-0.7266211379419826,0.8470547469257653,-0.9272927848449819,1.6632427284361933,1.5330492149636723,0.8079551139468026,0.4993192900294427,1.3573998024484983,10.5
2.0700142672115693,-0.5787073303014293,1.016760588738181,0,1.6019545132793127,0.2089254268509148,1.0178822392079658,-0.8309622706991496,1.6632427284361933,1.5330492149636723,0.8079551139468026,0.21033510897997082,0.9876375983271094,17.1
1.0418677983830902,-0.5787073303014293,1.016760588738181,0,1.6019545132793127,-0.08860383780260768,1.117531609705916,-0.8601665442184745,1.6632427284361933,1.5330492149636723,0.8079551139468026,0.7225056156487071,0.5693351820816771,18.4
2.0700142672115693,-0.5787073303014293,1.016760588738181,0,1.6019545132793127,0.3346196081751316,1.117531609705916,-0.8729524948139997,1.6632427284361933,1.5330492149636723,0.8079551139468026,0.2508665879249807,0.891984827376789,15.4
2.0700142672115693,-0.5787073303014293,1.016760588738181,0,1.6019545132793127,-0.6693427768322127,0.9965288026726904,-0.913053885318147,1.6632427284361933,1.5330492149636723,0.8079551139468026,-1.9873132623889662,1.5972455564731831,10.8
2.0700142672115693,-0.5787073303014293,1.016760588738181,0,1.6019545132793127,0.29325190292918607,0.9324684930668653,-0.8683514898648523,1.6632427284361933,1.5330492149636723,0.8079551139468026,-1.9873132623889662,1.6243709691307369,11.8
1.229834371807515,-0.5787073303014293,1.016760588738181,0,1.6019545132793127,0.10550616373605451,0.9894109904942658,-0.8276204881571374,1.6632427284361933,1.5330492149636723,0.8079551139468026,-1.9873132623889662,0.7406535778135948,14.9
2.0700142672115693,-0.5787073303014293,1.016760588738181,0,1.6019545132793127,-0.037689739038368315,0.9965288026726904,-0.7665966330421307,1.6632427284361933,1.5330492149636723,0.8079551139468026,0.34508911690103594,0.5479203826151876,12.6
2.0700142672115693,-0.5787073303014293,1.016760588738181,0,1.368495002633974,-0.14270006773961305,1.0712658305461535,-0.7357941156983653,1.6632427284361933,1.5330492149636723,0.8079551139468026,0.786197939705147,0.789193789937638,14.1
1.6041167264882814,-0.5787073303014293,1.016760588738181,0,1.368495002633974,0.22642714830112226,1.057030206189303,-0.7728927450778059,1.6632427284361933,1.5330492149636723,0.8079551139468026,-1.9873132623889662,0.9576568790740237,13.0
1.359735993605495,-0.5787073303014293,1.016760588738181,0,1.368495002633974,0.7546609229801049,0.85417255910419,-0.7057665044512985,1.6632427284361933,1.5330492149636723,0.8079551139468026,-1.9873132623889662,0.6906857123917857,13.4
0.9737711097352164,-0.5787073303014293,1.016760588738181,0,1.368495002633974,0.6051007578601528,1.0534713001000908,-0.6904621090415031,1.6632427284361933,1.5330492149636723,0.8079551139468026,-1.4040810718555987,0.732087658026999,15.2
0.8676578263593593,-0.5787073303014293,1.016760588738181,0,1.368495002633974,0.03549927793522469,0.82570131039049,-0.6841659970058278,1.6632427284361933,1.5330492149636723,0.8079551139468026,0.16453980160054615,0.6664156063297638,16.1
1.8224324790028519,-0.5787073303014293,1.016760588738181,0,1.368495002633974,1.7793071606104212,1.0926192670814283,-0.6432412687739382,1.6632427284361933,1.5330492149636723,0.8079551139468026,-0.32078518005266293,0.5907499815481666,17.8
2.0700142672115693,-0.5787073303014293,1.016760588738181,0,1.368495002633974,0.721248545666073,0.9075561504423777,-0.6222219409009914,1.6632427284361933,1.5330492149636723,0.8079551139468026,-1.9873132623889662,0.8719976812080652,14.9
0.7655263988175053,-0.5787073303014293,1.016760588738181,0,1.368495002633974,0.3982622316304308,0.637079287662227,-0.6514262144203162,1.6632427284361933,1.5330492149636723,0.8079551139468026,-1.9873132623889662,0.789193789937638,14.1
0.7402686739600556,-0.5787073303014293,1.016760588738181,0,1.368495002633974,-0.47523277529355046,0.6869039729112024,-0.581297212669102,1.6632427284361933,1.5330492149636723,0.8079551139468026,-1.9873132623889662,0.9148272801410448,12.7
1.8080681683974245,-0.5787073303014293,1.016760588738181,0,1.368495002633974,-0.5388753987488496,0.41642711013105127,-0.48511199341640077,1.6632427284361933,1.5330492149636723,0.8079551139468026,-1.9873132623889662,0.6193030475034866,13.5
1.6725127345952033,-0.5787073303014293,1.016760588738181,0,1.368495002633974,0.04186354028075532,0.5374299171642768,-0.4832231598056981,1.6632427284361933,1.5330492149636723,0.8079551139468026,-1.9873132623889662,0.5179396633621018,14.9
1.384966507603031,-0.5787073303014293,1.016760588738181,0,1.368495002633974,-0.30817088872338955,0.5623422597887645,-0.5149943097703367,1.6632427284361933,1.5330492149636723,0.8079551139468026,0.786197939705147,0.2995087088039067,20.0
0.7835944098000428,-0.5787073303014293,1.016760588738181,0,1.368495002633974,0.6782897748337459,0.7616410007846649,-0.573112267022724,1.6632427284361933,1.5330492149636723,0.8079551139468026,-1.9873132623889662,0.5450650760196557,16.4
0.44526667135159537,-0.5787073303014293,1.016760588738181,0,1.368495002633974,0.16119345925944148,0.7046985033572649,-0.5878354828599955,1.6632427284361933,1.5330492149636723,0.8079551139468026,0.49826652434256036,0.2923704423150769,17.7
1.3407488602436581,-0.5787073303014293,1.016760588738181,0,1.368495002633974,0.06732058966287499,0.5125175745397892,-0.5068093641239587,1.6632427284361933,1.5330492149636723,0.8079551139468026,0.786197939705147,0.1981453246625222,19.5
1.0886644305764834,-0.5787073303014293,1.016760588738181,0,1.368495002633974,0.37916944459384033,0.7580820946954526,-0.4742633080626217,1.6632427284361933,1.5330492149636723,0.8079551139468026,0.6240720239251164,-0.33008639551089086,20.2
1.6988437767047948,-0.5787073303014293,1.016760588738181,0,0.8669893871736171,-0.10451449366643353,-0.11384989716161252,-0.39590092903398594,1.6632427284361933,1.5330492149636723,0.8079551139468026,0.786197939705147,0.08821602073454173,21.4
0.2851730887651918,-0.5787073303014293,1.016760588738181,0,0.8669893871736171,-0.8204940075385477,-0.7259817445061645,-0.3459679174279764,1.6632427284361933,1.5330492149636723,0.8079551139468026,-1.9873132623889662,0.21813247083124598,19.9
0.4700194835862063,-0.5787073303014293,1.016760588738181,0,0.8669893871736171,-0.5134183493667299,0.5730189780564019,-0.44040959796310597,1.6632427284361933,1.5330492149636723,0.8079551139468026,-1.9873132623889662,0.6492837667565718,19.0
0.6657260349415709,-0.5787073303014293,1.016760588738181,0,0.2530773406617998,-0.4322740044612233,0.9217917747992279,-0.6008151599796955,1.6632427284361933,1.5330492149636723,0.8079551139468026,-1.9873132623889662,1.2446151919249862,19.1
2.0700142672115693,-0.5787073303014293,1.016760588738181,0,0.21849074649211997,-0.554786054612674,0.08544884383428787,-0.42253832610799696,1.6632427284361933,1.5330492149636723,0.8079551139468026,-0.6960961474265664,0.789193789937638,19.1
2.0700142672115693,-0.5787073303014293,1.016760588738181,0,0.21849074649211997,-0.8936830245121421,-0.42347472692310106,-0.4635599176019737,1.6632427284361933,1.5330492149636723,0.8079551139468026,0.786197939705147,0.3080746285905026,20.1
0.6435068561077911,-0.5787073303014293,1.016760588738181,0,0.21849074649211997,-0.17133924829449734,0.5481066354319143,-0.36199878730342666,1.6632427284361933,1.5330492149636723,0.8079551139468026,0.786197939705147,0.5265055831486976,19.9
0.5496656705529045,-0.5787073303014293,1.016760588738181,0,-0.1965483835440372,-0.07269318193878323,0.7865533434091526,-0.3300823424456572,1.6632427284361933,1.5330492149636723,0.8079551139468026,0.7035558332848066,0.03824815531273219,19.6
0.40764614580679703,-0.5787073303014293,1.016760588738181,0,0.21849074649211997,0.25824846002877255,0.22780508740278832,-0.42830169020219194,1.6632427284361933,1.5330492149636723,0.8079551139468026,0.6003847959702423,0.2509684966798634,23.2
0.7336352709989299,-0.5787073303014293,1.016760588738181,0,0.5124767969343986,1.1221970734344586,-0.03555396319893769,-0.6043991006769259,1.6632427284361933,1.5330492149636723,0.8079551139468026,-0.3834247384222204,-0.13449789371695134,29.8
1.7642919416544254,-0.5787073303014293,1.016760588738181,0,0.2530773406617998,-1.3487277822175316,0.9538219296021407,-0.6543321122829354,1.6632427284361933,1.5330492149636723,0.8079551139468026,-1.5467308224282905,0.7906214432354043,13.8
1.2615954921842816,-0.5787073303014293,1.016760588738181,0,0.2530773406617998,-0.17929457622640954,1.0250000513863908,-0.7627221025586381,1.6632427284361933,1.5330492149636723,0.8079551139468026,-1.9873132623889662,1.641502808703929,13.3
0.8015172961963754,-0.5787073303014293,1.016760588738181,0,0.5124767969343986,0.3330285425887486,0.8897616199963151,-0.7146294929322876,1.6632427284361933,1.5330492149636723,0.8079551139468026,0.7498775235076724,0.8677147213147671,16.7
2.0700142672115693,-0.5787073303014293,1.016760588738181,0,0.5124767969343986,-1.5444288493425755,1.021441145297178,-0.8137206100476082,1.6632427284361933,1.5330492149636723,0.8079551139468026,-1.7099095038952035,1.757142725822973,12.0
2.0700142672115693,-0.5787073303014293,1.016760588738181,0,0.5124767969343986,-0.14270006773961305,1.0000877087619033,-0.7799153315791361,1.6632427284361933,1.5330492149636723,0.8079551139468026,-0.11918055101450796,0.7749172569599785,14.6
2.0700142672115693,-0.5787073303014293,1.016760588738181,0,0.5124767969343986,-0.07269318193878323,0.6904628790004147,-0.8861258984578742,1.6632427284361933,1.5330492149636723,0.8079551139468026,0.07137003831137326,0.07251183445911576,21.4
1.0895291312359556,-0.5787073303014293,1.016760588738181,0,-0.1965483835440372,-0.05200932931581117,-0.1387622397861002,-0.17272797318481817,1.6632427284361933,1.5330492149636723,0.8079551139468026,0.786197939705147,-0.2658419971114216,23.0
1.0545087545273322,-0.5787073303014293,1.016760588738181,0,-0.1965483835440372,0.7562519885664879,0.224246181313576,-0.21752723190020007,1.6632427284361933,1.5330492149636723,0.8079551139468026,0.5845933106669919,-0.6941379864412158,23.7
1.0614565940919025,-0.5787073303014293,1.016760588738181,0,-0.1965483835440372,1.2510733859314385,0.2989832091870385,-0.17931467500675535,1.6632427284361933,1.5330492149636723,0.8079551139468026,0.7009239190675978,-0.7983566771781324,25.0
0.1807982769949168,-0.5787073303014293,1.016760588738181,0,-0.1965483835440372,-0.8157208107794015,-1.007135325553953,0.15374965168046845,1.6632427284361933,1.5330492149636723,0.8079551139468026,0.5766975680153682,-0.311526902639933,21.8
0.04782485145559516,-0.5787073303014293,1.016760588738181,0,0.24443069211937987,-0.64229466186371,-0.9501928281265528,-0.027529943315936705,1.6632427284361933,1.5330492149636723,0.8079551139468026,-0.5913459615816755,0.10534786030773338,20.6
0.439389125610288,-0.5787073303014293,1.016760588738181,0,0.24443069211937987,0.05936526173096277,-0.5943022192053017,0.1021215329879308,1.6632427284361933,1.5330492149636723,0.8079551139468026,0.35035294533545375,-0.28868444987567726,21.2
1.049541260878686,-0.5787073303014293,1.016760588738181,0,0.24443069211937987,-0.2556657243727686,0.3986325796849887,-0.11378667820468849,1.6632427284361933,1.5330492149636723,0.8079551139468026,0.5640643797727679,0.3394830011413543,19.1
0.7907115613818525,-0.5787073303014293,1.016760588738181,0,0.24443069211937987,-0.588198431926706,-0.548036440045539,-0.30441357799251945,1.6632427284361933,1.5330492149636723,0.8079551139468026,0.3292976315977885,-0.16447861297003707,20.6
-0.6257074234090104,-0.5787073303014293,2.4246972840333685,0,0.46924355422229885,-1.3057690113852045,0.8577314651934028,-0.9492323137077583,-0.636045787765988,1.8004108605664133,0.7612839002324332,0.6909226450422062,0.7792002168532761,15.2
-0.6158782561224927,-0.5787073303014293,2.4246972840333685,0,0.46924355422229885,-1.3694116348405037,1.057030206189303,-0.9809550320413529,-0.636045787765988,1.8004108605664133,0.7612839002324332,-1.9873132623889662,1.6229433158329707,7.0
-0.6085948159523231,-0.5787073303014293,2.4246972840333685,0,0.46924355422229885,-1.880143688069279,1.0463534879216658,-0.9484089759800161,-0.636045787765988,1.8004108605664133,0.7612839002324332,-1.9873132623889662,2.4381333488573462,8.1
-0.6393491345122918,-0.5787073303014293,2.4246972840333685,0,0.46924355422229885,-0.4640953161888736,1.0748247366353658,-0.9263725838551524,-0.636045787765988,1.8004108605664133,0.7612839002324332,0.4287839890082616,0.7806278701510423,13.6
-0.6376620611976572,-0.5787073303014293,2.4246972840333685,0,0.46924355422229885,-0.4640953161888736,0.5303121049858517,-0.8092648999915917,-0.636045787765988,1.8004108605664133,0.7612839002324332,0.786197939705147,0.10677551360549933,20.1
-0.6189198255750417,-0.5787073303014293,-0.21153273153490332,0,0.2617239892042198,-0.9032294180304373,-0.519565191331839,-0.6776277268149342,-0.4061169361457698,-0.10082750816418942,0.34124297680309806,0.786197939705147,-0.08453002829514207,21.8
-0.5867928703038829,-0.5787073303014293,-0.21153273153490332,0,0.2617239892042198,-0.554786054612674,-0.9252804855020651,-0.6776277268149342,-0.4061169361457698,-0.10082750816418942,0.34124297680309806,0.786197939705147,0.1410391927518829,24.5
-0.6172025179716143,-0.5787073303014293,-0.21153273153490332,0,0.2617239892042198,-0.9620988447265889,-1.4164095258133917,-0.47571625699393144,-0.4061169361457698,-0.10082750816418942,0.34124297680309806,0.5961737332227098,0.7135281651560414,23.1
-0.5837603711379717,-0.5787073303014293,-0.21153273153490332,0,0.2617239892042198,-1.4075972089136832,0.15306805952932578,-0.47571625699393144,-0.4061169361457698,-0.10082750816418942,0.34124297680309806,0.786197939705147,1.2189174325651984,19.7
-0.5901760872197898,-0.5787073303014293,-0.21153273153490332,0,0.2617239892042198,-0.7648067120151621,0.07121321947743763,-0.4301420921818509,-0.4061169361457698,-0.10082750816418942,0.34124297680309806,0.786197939705147,0.21384951093794788,18.3
-0.5990226401205436,-0.5787073303014293,-0.21153273153490332,0,0.2617239892042198,-0.40681695507910365,-0.11740880325082534,-0.6643574599089723,-0.4061169361457698,-0.10082750816418942,0.34124297680309806,0.786197939705147,0.045386421801562195,21.2
-0.61755323572161,-0.5787073303014293,-0.21153273153490332,0,0.2617239892042198,-1.122796468951219,0.17442149606460064,-0.6688131699649886,-0.4061169361457698,-0.10082750816418942,0.34124297680309806,0.7267166783962395,0.35661484071454597,17.5
-0.6034791742885925,-0.5787073303014293,-0.21153273153490332,0,0.2617239892042198,-0.3940884303880438,0.3950736735957764,-0.6212048766490746,-0.4061169361457698,-0.10082750816418942,0.34124297680309806,0.786197939705147,0.2466855367865655,16.8
-0.6523831364108392,-0.5787073303014293,0.11562268313949721,0,0.15796420669518024,0.5064546915044387,0.01782962813924997,-0.6306974763336313,-0.9809390651963151,-0.8019091566335992,1.1813248236617666,0.5277439635752934,-0.41860089997238153,22.4
-0.6576318089452577,-0.5787073303014293,0.11562268313949721,0,0.15796420669518024,-0.24611933085447335,0.2883064909194011,-0.7232503232580583,-0.9809390651963151,-0.8019091566335992,1.1813248236617666,0.786197939705147,-0.5028324445405744,20.6
-0.6529485176112633,-0.5787073303014293,0.11562268313949721,0,0.15796420669518024,1.115832811088928,0.79723006167679,-0.7813682805104458,-0.9809390651963151,-0.8019091566335992,1.1813248236617666,0.786197939705147,-0.9939451789720718,23.9
-0.6381851143937716,-0.5787073303014293,0.11562268313949721,0,0.15796420669518024,0.8262588743673163,0.7367286581601772,-0.6741406493797909,-0.9809390651963151,-0.8019091566335992,1.1813248236617666,0.6045958587177748,-0.8740223019597293,22.0
-0.6569847951650932,-0.5787073303014293,0.11562268313949721,0,0.15796420669518024,-0.3893152336288962,0.4342216405771138,-0.6179115257381061,-0.9809390651963151,-0.8019091566335992,1.1813248236617666,0.786197939705147,-0.6741508402724921,11.9
-0.6569847951650932,-0.5787073303014293,0.11562268313949721,0,0.15796420669518024,-0.3893152336288962,0.4342216405771138,-0.6179115257381061,-0.9809390651963151,-0.8019091566335992,1.1813248236617666,0.786197939705147,-0.6741508402724921,11.9
